-- phpMyAdmin SQL Dump
-- version 5.2.1
-- https://www.phpmyadmin.net/
--
-- Host: 127.0.0.1
-- Generation Time: Mar 22, 2024 at 10:13 AM
-- Server version: 10.4.32-MariaDB
-- PHP Version: 8.2.12

SET SQL_MODE = "NO_AUTO_VALUE_ON_ZERO";
START TRANSACTION;
SET time_zone = "+00:00";


/*!40101 SET @OLD_CHARACTER_SET_CLIENT=@@CHARACTER_SET_CLIENT */;
/*!40101 SET @OLD_CHARACTER_SET_RESULTS=@@CHARACTER_SET_RESULTS */;
/*!40101 SET @OLD_COLLATION_CONNECTION=@@COLLATION_CONNECTION */;
/*!40101 SET NAMES utf8mb4 */;

--
-- Database: `wiki`
--

-- --------------------------------------------------------

--
-- Table structure for table `black_list`
--

CREATE TABLE `black_list` (
  `b_id` int(11) NOT NULL,
  `words` varchar(255) NOT NULL
) ENGINE=InnoDB DEFAULT CHARSET=utf8mb4 COLLATE=utf8mb4_general_ci;

-- --------------------------------------------------------

--
-- Table structure for table `content`
--

CREATE TABLE `content` (
  `c_id` int(11) NOT NULL,
  `user_id` int(11) NOT NULL,
  `t_id` int(11) NOT NULL,
  `s_id` int(11) NOT NULL,
  `img_id` int(11) NOT NULL,
  `content_info` text NOT NULL,
  `timestamp` datetime NOT NULL DEFAULT current_timestamp(),
  `status` varchar(100) NOT NULL,
  `count` varchar(100) NOT NULL
) ENGINE=InnoDB DEFAULT CHARSET=utf8mb4 COLLATE=utf8mb4_general_ci;

--
-- Dumping data for table `content`
--

INSERT INTO `content` (`c_id`, `user_id`, `t_id`, `s_id`, `img_id`, `content_info`, `timestamp`, `status`, `count`) VALUES
(3, 5, 3, 2, 2, 'Information Technology (IT) has become an indispensable part of modern society, permeating every aspect of our lives. From communication and entertainment to healthcare and education, IT has revolutionized the way we interact, work, and live. In this essay, we will explore the profound impact of information technology on our world.\r\n\r\nFirst and foremost, IT has transformed communication. With the advent of email, social media, and instant messaging, communication has become instantaneous and global. People can connect with each other across continents in real-time, facilitating collaboration and fostering cultural exchange. Furthermore, video conferencing tools have made remote work and virtual meetings commonplace, breaking down geographical barriers and revolutionizing the way businesses operate.\r\n\r\nMoreover, information technology has revolutionized access to information and knowledge. The internet serves as a vast repository of information, granting people access to a wealth of resources at their fingertips. Online courses and educational platforms have democratized learning, allowing individuals to acquire new skills and knowledge from anywhere in the world. Additionally, search engines and online databases have streamlined research processes, empowering researchers and academics to make groundbreaking discoveries.\r\n\r\nIn the realm of healthcare, IT has led to significant advancements in diagnosis, treatment, and patient care. Electronic health records (EHRs) enable healthcare providers to access patient information securely, leading to more informed decision-making and better coordination of care. Telemedicine allows patients to consult with healthcare professionals remotely, improving access to medical services, especially in rural or underserved areas. Furthermore, medical imaging technologies and data analytics have enhanced diagnostic accuracy and personalized treatment plans, ultimately improving patient outcomes.\r\n\r\nIn the business world, IT has revolutionized operations, leading to increased efficiency and productivity. Enterprise resource planning (ERP) systems streamline business processes, allowing companies to manage resources more effectively and make data-driven decisions. Customer relationship management (CRM) software enables businesses to build and maintain relationships with customers, driving sales and fostering loyalty. Moreover, e-commerce platforms have transformed the way we shop, offering convenience and a wide selection of products at our fingertips.\r\n	\r\nIn conclusion, information technology has transformed the way we communicate, learn, work, and receive healthcare. Its impact on society is profound and far-reaching, shaping the world in which we live and driving innovation across industries. As we continue to embrace the opportunities presented by IT, it is essential to address challenges such as cybersecurity threats and digital inequality to ensure that the benefits of information technology are equitably distributed and accessible to all.\r\n\r\n', '2024-03-21 16:42:30', 'Approve', '0'),
(4, 5, 3, 3, 3, 'Bridging Gaps and Transforming Societies\r\n\r\nCommunication technology has emerged as a cornerstone of the modern era, reshaping the way individuals interact, businesses operate, and societies function. From the invention of the telegraph to the advent of the internet and beyond, communication technology has continuously evolved, revolutionizing the speed, reach, and modes of communication. In this essay, we will delve into the multifaceted impact of communication technology on our world.\r\n\r\nAt its core, communication technology serves as a bridge, connecting people across vast distances and disparate cultures. The telegraph, telephone, and later, the internet, have collapsed geographical barriers, enabling individuals to communicate instantaneously regardless of their physical location. This has facilitated the exchange of ideas, information, and experiences on a global scale, fostering cross-cultural understanding and collaboration.\r\n\r\nFurthermore, communication technology has democratized access to information, empowering individuals with knowledge and insights that were once reserved for the privileged few. The internet serves as a vast repository of information, offering a wealth of resources on virtually any topic imaginable. Online platforms such as search engines, social media, and online forums have democratized learning, allowing individuals to access educational materials, connect with experts, and engage in intellectual discourse from anywhere in the world.\r\n\r\nIn the realm of business, communication technology has revolutionized operations, driving efficiency, and productivity. Email, instant messaging, and video conferencing tools have transformed the way businesses communicate internally and externally, facilitating real-time collaboration and decision-making across distributed teams. Moreover, e-commerce platforms have opened up new markets and revenue streams, enabling businesses to reach customers globally and conduct transactions seamlessly.\r\n\r\nCommunication technology has also had a profound impact on governance and democracy. Social media platforms have empowered citizens to voice their opinions, organize movements, and hold governments and institutions accountable. The Arab Spring and other grassroots movements around the world have demonstrated the transformative power of social media in catalyzing social and political change.\r\n\r\nHowever, alongside its myriad benefits, communication technology also presents challenges and concerns. The proliferation of misinformation and fake news on social media platforms has raised questions about the reliability and integrity of online information. Moreover, issues such as digital divide, privacy concerns, and cybersecurity threats highlight the need for thoughtful regulation and responsible usage of communication technology.\r\n\r\nIn conclusion, communication technology has emerged as a powerful force shaping the way we communicate, collaborate, and engage with the world around us. Its impact spans across domains, from personal relationships to global politics, driving innovation, and transforming societies. As we continue to navigate the ever-changing landscape of communication technology, it is essential to harness its potential for positive change while addressing its challenges and ensuring equitable access and responsible usage for all.\r\n\r\n', '2024-03-21 17:03:49', 'Approve', '0'),
(5, 5, 3, 2, 4, 'Shaping the Future of Science, Medicine, and Society\r\n\r\nBiotechnology, the harnessing of biological processes and systems for technological applications, has emerged as a transformative force with profound implications for various aspects of human life. From advancements in medicine and agriculture to breakthroughs in environmental conservation and industrial production, biotechnology is reshaping the way we understand and interact with the natural world. In this essay, we will explore the multifaceted impact of biotechnology on science, medicine, and society.\r\n\r\nIn the realm of medicine, biotechnology has revolutionized diagnosis, treatment, and prevention of diseases. Biopharmaceuticals, such as vaccines, monoclonal antibodies, and gene therapies, have become indispensable tools in the fight against infectious diseases, cancer, and genetic disorders. The development of recombinant DNA technology and genome editing techniques, such as CRISPR-Cas9, has opened up new avenues for targeted therapies and personalized medicine, allowing for more precise and effective treatments tailored to individual patients.\r\n\r\nFurthermore, biotechnology has played a crucial role in agricultural innovation, addressing global challenges such as food security and sustainability. Genetically modified crops (GMOs) have been engineered to resist pests, diseases, and environmental stresses, increasing crop yields and reducing the need for chemical pesticides and fertilizers. Biotechnological techniques, such as marker-assisted breeding and gene editing, are also being used to develop crops with improved nutritional content, drought tolerance, and resilience to climate change, thereby contributing to a more resilient and sustainable agricultural system.\r\n\r\nIn addition to its applications in medicine and agriculture, biotechnology is driving advancements in environmental conservation and industrial production. Bioremediation, the use of microorganisms to clean up pollutants and contaminants in soil and water, offers a promising solution to environmental degradation and pollution. Biofuels, such as ethanol and biodiesel, derived from renewable sources such as algae and plant biomass, hold the potential to reduce greenhouse gas emissions and mitigate climate change. Moreover, biotechnological processes, such as fermentation and enzymatic catalysis, are being used to produce a wide range of bio-based materials, chemicals, and pharmaceuticals in a sustainable and environmentally friendly manner.\r\n\r\nHowever, alongside its tremendous potential, biotechnology also raises ethical, social, and regulatory concerns. Issues such as genetic privacy, equitable access to biotechnological innovations, and the potential misuse of bioweapons underscore the need for robust ethical frameworks and responsible governance of biotechnological research and applications.\r\n\r\nIn conclusion, biotechnology represents a powerful tool for addressing some of the most pressing challenges facing humanity, from healthcare and food security to environmental sustainability and industrial production. Its impact on science, medicine, and society is profound and far-reaching, offering immense opportunities for innovation and progress. As we continue to unlock the potential of biotechnology, it is essential to navigate its complexities with foresight and responsibility, ensuring that its benefits are equitably distributed and its risks are mitigated for the greater good of humanity and the planet.\r\n\r\n', '2024-03-21 17:04:11', 'Approve', '0'),
(6, 5, 3, 5, 4, 'Shaping the Future of Science, Medicine, and Society\r\n\r\nBiotechnology, the harnessing of biological processes and systems for technological applications, has emerged as a transformative force with profound implications for various aspects of human life. From advancements in medicine and agriculture to breakthroughs in environmental conservation and industrial production, biotechnology is reshaping the way we understand and interact with the natural world. In this essay, we will explore the multifaceted impact of biotechnology on science, medicine, and society.\r\n\r\nIn the realm of medicine, biotechnology has revolutionized diagnosis, treatment, and prevention of diseases. Biopharmaceuticals, such as vaccines, monoclonal antibodies, and gene therapies, have become indispensable tools in the fight against infectious diseases, cancer, and genetic disorders. The development of recombinant DNA technology and genome editing techniques, such as CRISPR-Cas9, has opened up new avenues for targeted therapies and personalized medicine, allowing for more precise and effective treatments tailored to individual patients.\r\n\r\nFurthermore, biotechnology has played a crucial role in agricultural innovation, addressing global challenges such as food security and sustainability. Genetically modified crops (GMOs) have been engineered to resist pests, diseases, and environmental stresses, increasing crop yields and reducing the need for chemical pesticides and fertilizers. Biotechnological techniques, such as marker-assisted breeding and gene editing, are also being used to develop crops with improved nutritional content, drought tolerance, and resilience to climate change, thereby contributing to a more resilient and sustainable agricultural system.\r\n\r\nIn addition to its applications in medicine and agriculture, biotechnology is driving advancements in environmental conservation and industrial production. Bioremediation, the use of microorganisms to clean up pollutants and contaminants in soil and water, offers a promising solution to environmental degradation and pollution. Biofuels, such as ethanol and biodiesel, derived from renewable sources such as algae and plant biomass, hold the potential to reduce greenhouse gas emissions and mitigate climate change. Moreover, biotechnological processes, such as fermentation and enzymatic catalysis, are being used to produce a wide range of bio-based materials, chemicals, and pharmaceuticals in a sustainable and environmentally friendly manner.\r\n\r\nHowever, alongside its tremendous potential, biotechnology also raises ethical, social, and regulatory concerns. Issues such as genetic privacy, equitable access to biotechnological innovations, and the potential misuse of bioweapons underscore the need for robust ethical frameworks and responsible governance of biotechnological research and applications.\r\n\r\nIn conclusion, biotechnology represents a powerful tool for addressing some of the most pressing challenges facing humanity, from healthcare and food security to environmental sustainability and industrial production. Its impact on science, medicine, and society is profound and far-reaching, offering immense opportunities for innovation and progress. As we continue to unlock the potential of biotechnology, it is essential to navigate its complexities with foresight and responsibility, ensuring that its benefits are equitably distributed and its risks are mitigated for the greater good of humanity and the planet.\r\n\r\n', '2024-03-21 17:04:42', 'Approve', '0'),
(7, 5, 3, 6, 5, 'Driving Innovation and Efficiency in Industry\r\n\r\nManufacturing technology encompasses a wide range of processes, tools, and systems used to produce goods and products efficiently and effectively. From traditional methods such as machining and casting to cutting-edge techniques like additive manufacturing and automation, manufacturing technology plays a pivotal role in shaping the modern industrial landscape. In this essay, we will explore the significance of manufacturing technology in driving innovation, enhancing productivity, and shaping the future of industry.\r\n\r\nOne of the primary contributions of manufacturing technology is its role in fostering innovation and product development. Advanced manufacturing techniques, such as 3D printing and computer-aided design (CAD), have revolutionized the way products are designed, prototyped, and manufactured. These technologies enable engineers and designers to create complex geometries and intricate structures that were previously impossible to achieve using traditional manufacturing methods. As a result, manufacturers can bring new products to market faster and more cost-effectively, driving competition and spurring technological advancement across industries.\r\n\r\nMoreover, manufacturing technology plays a crucial role in enhancing productivity and efficiency in the production process. Automation, robotics, and artificial intelligence (AI) have transformed manufacturing operations, streamlining processes, reducing labor costs, and improving quality and consistency. Automated production lines can operate 24/7 with minimal human intervention, increasing throughput and reducing cycle times. Additionally, predictive maintenance systems utilize sensor data and AI algorithms to monitor equipment health and performance, minimizing downtime and maximizing uptime.\r\n\r\nFurthermore, manufacturing technology has the potential to drive sustainability and environmental stewardship in industry. Advanced manufacturing processes, such as additive manufacturing and precision machining, generate less waste and consume fewer resources compared to traditional subtractive methods. Additionally, digital manufacturing technologies enable manufacturers to optimize energy usage, reduce emissions, and minimize their environmental footprint throughout the product lifecycle.\r\n\r\nHowever, alongside its numerous benefits, manufacturing technology also presents challenges and considerations. The adoption of advanced technologies requires significant investment in infrastructure, training, and expertise, which can be prohibitive for small and medium-sized enterprises (SMEs). Moreover, concerns about job displacement and the impact of automation on employment require thoughtful planning and proactive measures to reskill and upskill the workforce for the jobs of the future.\r\n\r\nIn conclusion, manufacturing technology is a driving force behind innovation, efficiency, and sustainability in industry. Its transformative impact spans across sectors, from automotive and aerospace to healthcare and consumer electronics, shaping the way products are designed, produced, and consumed. As we continue to embrace the opportunities presented by manufacturing technology, it is essential to address challenges such as workforce development, digital integration, and sustainability to ensure that its benefits are realized by all stakeholders and that industry remains competitive and resilient in an ever-evolving global marketplace.\r\n', '2024-03-21 17:05:12', 'Approve', '0'),
(8, 5, 3, 7, 6, 'Pushing the Boundaries of Human Exploration and Innovation\r\n\r\nAerospace technology stands as a testament to human ingenuity, pushing the boundaries of exploration, innovation, and technological advancement. From the earliest days of flight to the cutting-edge space exploration missions of today, aerospace technology has revolutionized our understanding of the universe and transformed the way we travel, communicate, and interact with the world around us. In this essay, we will explore the profound impact of aerospace technology on human progress and the future of space exploration.\r\n\r\nAt its core, aerospace technology encompasses a wide range of disciplines, including aerodynamics, propulsion systems, materials science, and avionics, among others. These technologies come together to enable the design, construction, and operation of aircraft and spacecraft capable of traversing the Earth\'s atmosphere and venturing into the vast expanse of space.\r\n\r\nOne of the most significant achievements of aerospace technology is the development of powered flight. The Wright brothers\' historic flight in 1903 marked the dawn of the aviation age, paving the way for rapid advancements in aircraft design and performance. Over the years, aerospace engineers have continued to refine and improve upon aircraft technologies, leading to the development of faster, more efficient, and more reliable airplanes and helicopters that connect people and goods across the globe.\r\n\r\nMoreover, aerospace technology has played a pivotal role in space exploration, unlocking the mysteries of the cosmos and expanding our horizons beyond the confines of Earth. The launch of Sputnik 1 in 1957 marked the beginning of the space age, igniting a fierce competition between superpowers and spurring unprecedented investments in space exploration and research. Since then, humanity has achieved remarkable milestones, including the first human landing on the Moon, the exploration of Mars and other celestial bodies, and the construction and operation of space stations such as the International Space Station (ISS).\r\n\r\nIn addition to exploration, aerospace technology has also facilitated advancements in satellite communication, navigation, and Earth observation. Satellites orbiting high above the Earth enable global telecommunications networks, GPS navigation systems, and weather forecasting services, among others, providing critical infrastructure for modern society and enhancing our ability to monitor and understand our planet\'s environment and natural processes.\r\n\r\nLooking ahead, aerospace technology holds immense promise for the future of space exploration and human civilization. Ambitious projects such as crewed missions to Mars, the development of reusable space launch vehicles, and the exploration of distant exoplanets are on the horizon, fueled by advances in propulsion, robotics, and life support systems. Furthermore, commercial space ventures are democratizing access to space, opening up opportunities for private sector innovation and collaboration in space exploration and development.\r\n\r\nIn conclusion, aerospace technology stands as a testament to humanity\'s boundless curiosity, creativity, and resilience. From the skies above to the depths of outer space, aerospace technology has enabled us to reach new heights and explore the unknown, shaping our understanding of the universe and inspiring future generations to dream big and pursue the stars. As we continue to push the boundaries of aerospace technology, we embark on a journey of discovery and exploration that will redefine our place in the cosmos and pave the way for a brighter and more prosperous future for all.\r\n', '2024-03-21 17:05:35', 'Approve', '0'),
(9, 5, 3, 8, 7, 'Artificial Intelligence (AI): Transforming Industries, Enhancing Lives\r\n\r\nArtificial Intelligence, often abbreviated as AI, represents a revolutionary leap in technological advancement, reshaping industries, societies, and the very fabric of human existence. At its core, AI refers to the development of computer systems capable of performing tasks that typically require human intelligence, such as problem-solving, decision-making, and learning. In this essay, we will explore the profound impact of AI on various aspects of our lives and the implications for the future.\r\n\r\nOne of the most significant contributions of AI lies in its ability to automate tasks and processes, thereby increasing efficiency and productivity across industries. In sectors ranging from manufacturing and finance to healthcare and transportation, AI-powered systems and algorithms are streamlining operations, reducing costs, and improving outcomes. For example, in manufacturing, AI-enabled robots and automated systems are optimizing production lines, increasing throughput, and ensuring quality control. In finance, AI algorithms analyze vast amounts of data to detect patterns and trends, informing investment decisions and risk management strategies. Similarly, in healthcare, AI-powered diagnostic tools and medical imaging technologies are enhancing the accuracy and speed of disease detection and treatment planning.\r\n\r\nMoreover, AI is driving innovation and transformation in fields such as autonomous vehicles, natural language processing, and robotics. Self-driving cars, powered by AI algorithms and sensors, have the potential to revolutionize transportation, making roads safer and reducing traffic congestion. Natural language processing technologies, such as virtual assistants and language translation tools, are enabling seamless communication and interaction between humans and machines, breaking down language barriers and enhancing accessibility. Additionally, AI-powered robots are being deployed in a variety of settings, from warehouses and factories to hospitals and homes, performing tasks ranging from logistics and assembly to caregiving and companionship.\r\n\r\nFurthermore, AI has the potential to address some of the most pressing challenges facing humanity, from climate change and healthcare disparities to poverty and education inequality. AI-driven solutions, such as predictive modeling and data analytics, can help policymakers and organizations make informed decisions and allocate resources more effectively. For example, AI-powered predictive models can forecast environmental trends and identify areas at risk of natural disasters, enabling preemptive interventions and disaster preparedness measures. Similarly, AI-driven healthcare interventions, such as personalized medicine and telemedicine, have the potential to improve access to healthcare services and enhance patient outcomes, particularly in underserved communities.\r\n\r\nHowever, alongside its numerous benefits, AI also raises ethical, social, and economic considerations that must be addressed. Concerns about privacy, bias, accountability, and job displacement underscore the need for responsible development and deployment of AI technologies. Additionally, efforts to promote diversity, equity, and inclusion in AI research and development are essential to ensure that AI benefits are equitably distributed and that the technology serves the needs of all individuals and communities.\r\n\r\nIn conclusion, Artificial Intelligence represents a transformative force that is reshaping the world as we know it. From revolutionizing industries and enhancing productivity to addressing global challenges and improving quality of life, AI has the potential to unlock new opportunities and empower humanity to achieve greater heights of innovation and progress. As we continue to harness the power of AI, it is essential to do so responsibly and ethically, ensuring that AI technologies serve the common good and uphold the values of humanity. By embracing AI as a tool for positive change, we can chart a course towards a future of innovation, prosperity, and well-being for all.\r\n', '2024-03-21 17:06:07', 'Approve', '0'),
(10, 5, 3, 9, 8, 'Healthcare Technology: Revolutionizing Patient Care and Transforming the Industry\r\n\r\nHealthcare technology, also known as healthtech or medtech, encompasses a wide range of tools, devices, and systems designed to improve the delivery, efficiency, and outcomes of healthcare services. From electronic health records and telemedicine to medical imaging and wearable devices, healthcare technology is revolutionizing patient care and transforming the healthcare industry. In this essay, we will explore the profound impact of healthcare technology on various aspects of healthcare delivery, as well as its implications for the future.\r\n\r\nOne of the primary contributions of healthcare technology is its role in enhancing access to healthcare services and improving patient outcomes. Telemedicine, for example, enables patients to consult with healthcare providers remotely, overcoming geographical barriers and increasing access to care, particularly in rural or underserved areas. Similarly, mobile health (mHealth) applications and wearable devices empower individuals to monitor their health, track vital signs, and manage chronic conditions from the comfort of their homes, promoting proactive healthcare management and early intervention.\r\n\r\nMoreover, healthcare technology is driving advancements in diagnosis, treatment, and personalized medicine. Medical imaging technologies, such as MRI, CT scans, and ultrasound, provide detailed insights into the body\'s internal structures and facilitate early detection of diseases and abnormalities. Additionally, precision medicine approaches, enabled by genomic sequencing and data analytics, allow healthcare providers to tailor treatment plans to individual patients based on their genetic makeup, lifestyle factors, and disease characteristics, improving treatment efficacy and reducing adverse effects.\r\n\r\nFurthermore, healthcare technology is enhancing collaboration and communication among healthcare providers, leading to more coordinated and integrated care delivery. Electronic health records (EHRs) enable healthcare professionals to access patient information securely and efficiently, facilitating information sharing and care coordination across different healthcare settings and specialties. Additionally, telehealth platforms and digital communication tools enable multidisciplinary teams to collaborate in real-time, leading to faster decision-making and more effective care management.\r\n\r\nHowever, alongside its numerous benefits, healthcare technology also presents challenges and considerations. Issues such as data privacy and security, interoperability, and regulatory compliance require careful attention to ensure the responsible and ethical use of healthcare technology. Moreover, concerns about digital divide and access disparities highlight the importance of ensuring equitable access to healthcare technology for all individuals and communities, regardless of socioeconomic status or geographic location.\r\n\r\nIn conclusion, healthcare technology is revolutionizing patient care and transforming the healthcare industry, offering immense opportunities for improving access, efficiency, and quality of care. As we continue to embrace the potential of healthcare technology, it is essential to address challenges such as data privacy, interoperability, and equity to ensure that healthcare technology benefits all patients and contributes to a healthier, more equitable society. By harnessing the power of healthcare technology responsibly and ethically, we can unlock new possibilities for advancing healthcare delivery and improving patient outcomes for generations to come.\r\n\r\n', '2024-03-21 17:06:35', 'Approve', '0'),
(11, 5, 4, 10, 9, '', '2024-03-21 17:10:08', 'Approve', '0'),
(12, 5, 4, 10, 9, 'Cricket: More Than Just a Sport\r\n\r\nCricket is much more than just a game; it\'s a phenomenon that transcends boundaries, cultures, and generations. Originating in England in the 16th century, cricket has evolved into one of the most popular and widely played sports in the world, captivating millions of fans with its blend of skill, strategy, and drama. In this essay, we will explore the significance of cricket as a cultural, social, and sporting phenomenon, and its impact on individuals and communities around the globe.\r\n\r\nAt its core, cricket is a sport that celebrates teamwork, skill, and sportsmanship. Played between two teams of eleven players each, cricket combines elements of batting, bowling, and fielding to create a dynamic and strategic contest between bat and ball. From the elegant stroke play of a batsman to the precision and speed of a fast bowler, cricket showcases a wide range of athletic abilities and techniques, captivating audiences with its beauty and complexity.\r\n\r\nMoreover, cricket has a rich cultural heritage and history, deeply ingrained in the fabric of many societies around the world. In countries such as India, Pakistan, Australia, England, and the West Indies, cricket is more than just a sport; it\'s a national obsession and a source of national pride. From the streets of Mumbai to the fields of Jamaica, cricket brings communities together, uniting people of all ages, backgrounds, and walks of life in a shared passion for the game.\r\n\r\nFurthermore, cricket has the power to inspire and uplift individuals and communities, providing opportunities for personal growth, social inclusion, and community development. Through initiatives such as grassroots cricket programs, cricket academies, and community outreach projects, cricket organizations and governing bodies are using the sport as a vehicle for positive social change, promoting values such as teamwork, discipline, and respect, and empowering individuals to reach their full potential on and off the field.\r\n\r\nAdditionally, cricket serves as a platform for diplomacy, cultural exchange, and international cooperation, fostering connections and building bridges between nations and peoples. International cricket tournaments such as the ICC Cricket World Cup and the ICC T20 World Cup bring together teams from around the world, creating opportunities for cultural exchange, friendship, and mutual understanding. Moreover, cricket diplomacy has been used as a tool for peacebuilding and reconciliation in conflict-affected regions, promoting dialogue and cooperation through the shared love of the game.\r\n\r\nIn conclusion, cricket is more than just a sport; it\'s a cultural phenomenon that unites people, inspires communities, and transcends boundaries. From the thrill of a last-ball finish to the camaraderie of a day at the cricket ground, cricket has the power to bring joy, excitement, and meaning to people\'s lives. As we continue to celebrate the spirit of cricket, let us embrace its values of teamwork, sportsmanship, and inclusivity, and work together to ensure that cricket remains a force for good in the world for generations to come.\r\n', '2024-03-21 17:10:49', 'Approve', '0'),
(13, 5, 4, 11, 10, 'Kabaddi: The Ancient Game of Skill, Strength, and Strategy\r\n\r\nKabaddi, often referred to as the \"game of the masses,\" is a traditional sport that has deep roots in South Asian culture and history. Originating in ancient India, kabaddi has evolved over centuries into a popular and widely played sport, captivating audiences with its blend of athleticism, strategy, and tradition. In this essay, we will explore the significance of kabaddi as a cultural heritage, a competitive sport, and a symbol of community spirit.\r\n\r\nAt its core, kabaddi is a team sport that requires a unique combination of skill, strength, agility, and mental toughness. Played between two teams of seven players each, kabaddi is a fast-paced game characterized by high-intensity action and quick decision-making. The objective of the game is for a \"raider\" from one team to enter the opponent\'s half of the court, tag as many defenders as possible, and return to their own half without being tackled or held back. Meanwhile, the defenders must work together to stop the raider and prevent them from scoring points.\r\n\r\nMoreover, kabaddi holds deep cultural significance as a symbol of strength, resilience, and community spirit. Historically, kabaddi was played in villages and rural communities as a means of building physical strength, fostering camaraderie, and preserving cultural traditions. Today, kabaddi continues to be celebrated as a cultural heritage, with tournaments and competitions held in cities and towns across South Asia and beyond, drawing crowds of enthusiastic spectators and players from all walks of life.\r\n\r\nFurthermore, kabaddi has gained international recognition and popularity in recent years, thanks to efforts by organizations such as the International Kabaddi Federation (IKF) and the Pro Kabaddi League (PKL). The PKL, launched in India in 2014, has played a significant role in popularizing kabaddi and elevating it to the status of a professional sport. With its mix of international players, high production values, and thrilling matches, the PKL has helped kabaddi reach new audiences and expand its fan base globally.\r\n\r\nAdditionally, kabaddi serves as a platform for promoting gender equality and empowering women and girls through sport. Women\'s kabaddi has gained prominence in recent years, with female players competing at the highest levels and inspiring future generations of athletes. Through initiatives such as women\'s kabaddi leagues, training programs, and grassroots development projects, efforts are underway to promote gender-inclusive participation and create opportunities for women and girls to excel in kabaddi and other sports.\r\n\r\nIn conclusion, kabaddi is more than just a game; it\'s a cultural heritage, a competitive sport, and a symbol of community spirit. From its ancient origins to its modern-day evolution, kabaddi continues to captivate audiences with its thrilling gameplay, rich tradition, and universal appeal. As we celebrate the spirit of kabaddi, let us embrace its values of teamwork, determination, and respect, and work together to ensure that kabaddi remains a cherished part of our cultural heritage for generations to come.\r\n\r\n', '2024-03-21 17:11:16', 'Approve', '0'),
(14, 5, 4, 12, 11, 'Volleyball: The Dynamic Game of Skill, Strategy, and Teamwork\r\n\r\nVolleyball is a dynamic and exhilarating sport that has captured the hearts of millions around the world. With its fast-paced action, strategic gameplay, and emphasis on teamwork, volleyball offers players and spectators alike an electrifying experience like no other. In this essay, we will explore the significance of volleyball as a sport, its origins, and its impact on individuals and communities.\r\n\r\nAt its core, volleyball is a game of skill, coordination, and strategy played between two teams on a rectangular court divided by a net. The objective is to score points by grounding the ball on the opponent\'s side of the court while preventing them from doing the same. Players use a combination of passing, setting, hitting, and blocking techniques to control the ball and outmaneuver their opponents. From the precision of a well-placed set to the power of a thunderous spike, volleyball showcases a wide range of athletic abilities and techniques, making it a thrilling and captivating sport to watch and play.\r\n\r\nMoreover, volleyball has a rich and storied history that dates back to its origins in the late 19th century. The game was invented in 1895 by William G. Morgan, a physical education instructor in Massachusetts, as a way to provide a less strenuous alternative to basketball for his students. Originally known as \"mintonette,\" volleyball quickly gained popularity and spread to other countries, evolving into the game we know today.\r\n\r\nFurthermore, volleyball has a profound impact on individuals and communities, fostering camaraderie, sportsmanship, and personal development. As a team sport, volleyball teaches players valuable lessons in communication, collaboration, and leadership, helping them build strong bonds and lifelong friendships both on and off the court. Moreover, volleyball promotes physical fitness, coordination, and mental agility, providing players with opportunities for personal growth and self-improvement.\r\n\r\nAdditionally, volleyball serves as a vehicle for social inclusion and community engagement, bringing people together from diverse backgrounds and cultures to share in the joy of sport. Whether played in school gymnasiums, beachside courts, or international arenas, volleyball transcends barriers of age, gender, and nationality, uniting people in a common pursuit of excellence and enjoyment.\r\n\r\nIn conclusion, volleyball is more than just a game; it\'s a celebration of athleticism, teamwork, and sportsmanship that brings people together and inspires communities around the world. As we continue to embrace the spirit of volleyball, let us celebrate its rich history, its thrilling gameplay, and its profound impact on individuals and societies. Whether you\'re spiking, setting, or diving for a dig, volleyball offers something for everyone, making it a truly special and beloved sport for generations to come.\r\n', '2024-03-21 17:11:37', 'Approve', '0'),
(15, 5, 4, 13, 12, 'I believe you meant \"badminton.\"\r\n\r\nBadminton: The Elegant Game of Speed, Skill, and Precision\r\n\r\nBadminton, often referred to as the \"fastest racquet sport,\" is a captivating and elegant game that combines elements of agility, power, and finesse. Played with lightweight racquets and a shuttlecock, badminton requires players to demonstrate quick reflexes, strategic thinking, and precise shot-making to outmaneuver their opponents. In this essay, we will explore the significance of badminton as a sport, its origins, and its impact on individuals and communities.\r\n\r\nAt its core, badminton is a game of speed and agility played on a rectangular court divided by a net. The objective is to hit the shuttlecock over the net and into the opponent\'s court, scoring points by forcing them to make errors or by executing well-placed shots. Players use a combination of overhead smashes, clears, drops, and drives to control the pace and direction of the game, creating opportunities to attack and defend with precision and finesse.\r\n\r\nMoreover, badminton has a rich history that dates back centuries, with origins tracing to ancient civilizations such as China, India, and Greece. The modern game of badminton, as we know it today, was developed in the mid-19th century in British India, where it was initially played as a leisurely pastime among British officers stationed in the region. Over time, badminton evolved into a competitive sport, gaining popularity in Europe and eventually spreading to countries around the world.\r\n\r\nFurthermore, badminton offers numerous physical and mental benefits to players of all ages and skill levels. As a cardiovascular exercise, badminton improves aerobic fitness, endurance, and agility, helping players maintain a healthy lifestyle and reduce the risk of chronic diseases. Additionally, badminton enhances hand-eye coordination, reflexes, and spatial awareness, sharpening cognitive skills and promoting mental well-being.\r\n\r\nAdditionally, badminton fosters social interaction, camaraderie, and sportsmanship among players and enthusiasts. Whether played recreationally at local clubs and community centers or competitively in tournaments and leagues, badminton brings people together from diverse backgrounds and cultures to share in the joy of sport. Moreover, badminton promotes teamwork, respect, and fair play, instilling values that extend beyond the court and into everyday life.\r\n\r\nIn conclusion, badminton is a sport that celebrates athleticism, skill, and sportsmanship, captivating players and spectators alike with its dynamic gameplay and elegant style. As we continue to embrace the spirit of badminton, let us celebrate its rich history, its thrilling competition, and its positive impact on individuals and communities around the world. Whether you\'re smashing, slicing, or diving for a shuttlecock, badminton offers something for everyone, making it a truly special and beloved sport for generations to come.\r\n', '2024-03-21 17:12:02', 'Approve', '0'),
(16, 5, 5, 14, 13, 'It seems like you\'re referring to a bus, a common mode of public transportation used to carry passengers from one place to another. Buses play a crucial role in urban and rural transportation systems, providing a convenient and affordable way for people to travel within and between cities, towns, and communities.\r\n\r\nBuses come in various sizes and configurations, ranging from small minibusses to large articulated buses capable of accommodating dozens of passengers. They typically run on fixed routes and schedules, stopping at designated bus stops to pick up and drop off passengers along the way.\r\n\r\nBuses offer several advantages as a mode of transportation. They are more environmentally friendly than individual cars since they can carry a larger number of passengers, reducing overall traffic congestion and emissions. Buses also provide accessibility for individuals who may not have access to private vehicles, such as those with disabilities or limited mobility.\r\n\r\nMoreover, buses are often more cost-effective than other forms of transportation, such as trains or taxis, making them a preferred choice for budget-conscious travelers. They also offer flexibility in terms of route planning and can easily adapt to changes in demand or passenger preferences.\r\n\r\nHowever, buses also have some drawbacks, including potential delays due to traffic congestion or inclement weather, as well as limited capacity during peak travel times. Additionally, some people may find buses less comfortable or convenient compared to other modes of transportation, especially for long-distance travel.\r\n\r\nOverall, buses play a vital role in the transportation ecosystem, providing a reliable and accessible means of getting around for millions of people worldwide. As cities continue to grow and evolve, buses will remain an essential part of urban mobility, helping to connect communities and facilitate economic and social development.\r\n\r\n', '2024-03-21 17:16:11', 'Approve', '0'),
(17, 5, 5, 15, 14, 'Cars, also known as automobiles, are a ubiquitous mode of transportation that have revolutionized the way we travel and interact with the world around us. From daily commutes to cross-country road trips, cars play a central role in modern society, offering convenience, mobility, and freedom to individuals and communities worldwide.\r\n\r\nCars come in various shapes, sizes, and configurations, ranging from compact city cars to spacious SUVs and luxury sedans. They are powered by internal combustion engines, electric motors, or hybrid systems, allowing them to propel forward and transport passengers and cargo from one location to another.\r\n\r\nOne of the primary advantages of cars is their versatility and flexibility. Unlike public transportation, which operates on fixed routes and schedules, cars offer the freedom to travel wherever and whenever desired, providing autonomy and independence to drivers and passengers alike. Whether it\'s commuting to work, running errands, or embarking on a weekend getaway, cars offer convenience and convenience.\r\n\r\nMoreover, cars provide comfort and convenience, with amenities such as climate control, entertainment systems, and advanced safety features enhancing the driving experience for occupants. Modern cars are equipped with state-of-the-art technology, including GPS navigation, smartphone connectivity, and driver-assistance systems, making travel safer, more enjoyable, and more efficient.\r\n\r\nAdditionally, cars contribute to economic growth and development by facilitating trade, commerce, and tourism. They enable businesses to transport goods and services to markets efficiently, supporting supply chains and driving economic activity. Furthermore, cars provide access to employment opportunities, education, and healthcare services, particularly in rural areas where public transportation may be limited.\r\n\r\nHowever, cars also have environmental and social impacts that must be considered. The combustion of fossil fuels in traditional gasoline-powered cars contributes to air pollution and greenhouse gas emissions, leading to climate change and environmental degradation. Additionally, cars can contribute to traffic congestion, accidents, and urban sprawl, impacting quality of life and public health in densely populated areas.\r\n\r\nIn response to these challenges, there is growing interest in alternative modes of transportation, such as electric vehicles (EVs), shared mobility services, and sustainable urban planning initiatives. EVs offer a cleaner and more sustainable alternative to traditional gasoline-powered cars, reducing emissions and dependence on fossil fuels. Shared mobility services, such as ride-hailing and car-sharing programs, promote efficient use of resources and reduce the need for private car ownership. Sustainable urban planning initiatives, such as bike lanes, pedestrian-friendly infrastructure, and public transit investments, aim to create more livable and environmentally friendly cities.\r\n\r\nIn conclusion, cars have fundamentally transformed the way we live, work, and travel, offering unparalleled convenience, mobility, and freedom. While cars provide numerous benefits to individuals and communities, they also present challenges in terms of environmental sustainability, public health, and urban planning. As we continue to innovate and evolve in the transportation sector, it is essential to prioritize solutions that promote cleaner, safer, and more equitable mobility for all. By embracing alternative technologies and modes of transportation, we can create a more sustainable and resilient future for generations to come.\r\n', '2024-03-21 17:17:21', 'Approve', '0');
INSERT INTO `content` (`c_id`, `user_id`, `t_id`, `s_id`, `img_id`, `content_info`, `timestamp`, `status`, `count`) VALUES
(18, 5, 5, 15, 15, 'Bicycles, commonly referred to as bikes, are a popular mode of transportation, exercise, and recreation worldwide. They are two-wheeled vehicles propelled by human power through pedaling, making them a sustainable and environmentally friendly means of getting around. In this essay, we will explore the significance of bicycles, their benefits, and their impact on individuals and communities.\r\n\r\nBicycles have a long history dating back to the early 19th century when the first pedal-operated two-wheeled vehicle, known as the \"velocipede\" or \"boneshaker,\" was invented. Since then, bicycles have undergone numerous innovations and improvements, evolving into the sleek and efficient machines we see today. They come in various types, including road bikes, mountain bikes, hybrid bikes, and electric bikes (e-bikes), each designed for specific purposes and terrain.\r\n\r\nOne of the primary benefits of bicycles is their environmental sustainability. Unlike cars and motorcycles, which rely on fossil fuels and produce emissions, bicycles are powered solely by human energy, making them a zero-emission mode of transportation. By choosing to bike instead of drive, individuals can reduce their carbon footprint, alleviate traffic congestion, and contribute to cleaner air and healthier communities.\r\n\r\nMoreover, bicycles offer numerous health benefits for riders of all ages. Cycling is an excellent form of aerobic exercise that improves cardiovascular fitness, strengthens muscles, and promotes overall well-being. Regular biking has been linked to lower rates of obesity, heart disease, and mental health disorders, making it an accessible and enjoyable way to stay fit and active.\r\n\r\nAdditionally, bicycles provide economic benefits to individuals and societies. Compared to car ownership, which involves significant upfront costs, maintenance expenses, and fuel expenditures, bicycles are relatively inexpensive to purchase and maintain. They offer an affordable and efficient mode of transportation for daily commutes, errands, and leisure activities, saving money on fuel, parking fees, and vehicle maintenance.\r\n\r\nFurthermore, bicycles play a vital role in promoting social inclusion and community engagement. Biking brings people together from diverse backgrounds and cultures, fostering connections and friendships through shared experiences. Events such as group rides, charity races, and community bike rallies promote camaraderie, teamwork, and a sense of belonging among participants.\r\n\r\nHowever, despite their numerous benefits, bicycles also face challenges and limitations. In many cities and regions, cycling infrastructure is inadequate, making it unsafe or inconvenient for cyclists to travel on roads alongside motor vehicles. Moreover, concerns about bike theft, accidents, and lack of secure parking deter some individuals from using bicycles as their primary mode of transportation.\r\n\r\nIn conclusion, bicycles are more than just a mode of transportation; they are symbols of freedom, sustainability, and empowerment. By choosing to bike, individuals can improve their health, reduce their environmental impact, and contribute to more livable and vibrant communities. As cities continue to prioritize cycling infrastructure and promote bike-friendly policies, bicycles will play an increasingly important role in shaping the future of transportation and urban mobility. By embracing the bicycle as a tool for positive change, we can create healthier, happier, and more sustainable communities for generations to come.\r\n\r\n\r\n', '2024-03-21 17:17:47', 'Approve', '0'),
(19, 5, 5, 17, 16, 'Airlines play a crucial role in facilitating global connectivity, commerce, and travel, serving as the backbone of modern transportation networks. Operating fleets of aircraft that crisscross the skies, airlines provide passengers and cargo with efficient and reliable transportation services to destinations around the world. In this essay, we will explore the significance of airlines, their impact on economies and societies, and the challenges they face in an ever-evolving industry.\r\n\r\nAt its core, airlines offer a vital link between cities, regions, and countries, connecting people and businesses with opportunities for trade, tourism, and cultural exchange. Whether it\'s a business traveler flying to attend a meeting, a family embarking on a vacation, or a cargo plane transporting goods across continents, airlines facilitate the movement of people and goods on a global scale, driving economic growth and prosperity.\r\n\r\nMoreover, airlines play a central role in promoting international trade and commerce, transporting goods and merchandise between countries and continents. Air cargo services enable businesses to ship perishable goods, high-value products, and time-sensitive materials quickly and efficiently, reducing supply chain disruptions and enabling just-in-time manufacturing processes. Additionally, airlines provide crucial support during emergencies and humanitarian crises, delivering relief supplies and medical aid to affected regions around the world.\r\n\r\nFurthermore, airlines contribute to economic development and job creation in communities served by airports and aviation-related industries. Airports serve as hubs of economic activity, attracting businesses, investment, and tourism to surrounding areas. Moreover, airlines employ thousands of people in various roles, including pilots, flight attendants, mechanics, and ground staff, providing stable employment and career opportunities to individuals with diverse skills and backgrounds.\r\n\r\nHowever, airlines also face numerous challenges and risks, including volatile fuel prices, fluctuating demand, and intense competition. The airline industry is highly cyclical and susceptible to external factors such as economic downturns, geopolitical events, and public health crises, as demonstrated by the impact of the COVID-19 pandemic on global air travel. Additionally, airlines must contend with regulatory requirements, safety standards, and environmental concerns, balancing the need for profitability with the imperative to ensure the safety and well-being of passengers and crew.\r\n\r\nIn response to these challenges, airlines must innovate and adapt to changing market conditions, embracing digital technologies, data analytics, and sustainability initiatives to improve efficiency, reduce costs, and enhance the passenger experience. Moreover, collaboration and cooperation between airlines, governments, and industry stakeholders are essential to addressing common challenges and fostering a resilient and sustainable aviation ecosystem.\r\n\r\nIn conclusion, airlines are more than just transportation providers; they are engines of global connectivity, economic growth, and cultural exchange. As we look to the future, airlines will continue to play a vital role in shaping the way we travel, do business, and connect with the world. By navigating challenges with resilience, innovation, and collaboration, airlines can continue to fulfill their mission of bringing people and nations together, transcending borders and bridging distances in pursuit of a more interconnected and prosperous world.\r\n', '2024-03-21 17:18:16', 'Approve', '0'),
(20, 5, 5, 18, 17, 'Ships, often referred to as vessels or boats, are maritime vehicles designed to navigate waterways, oceans, and seas. Since ancient times, ships have played a crucial role in human exploration, trade, and transportation, enabling the movement of goods, people, and ideas across vast distances. In this essay, we will explore the significance of ships, their evolution over time, and their impact on global commerce and exploration.\r\n\r\nAt its core, ships are vessels that harness the power of wind, water currents, or propulsion systems to travel across bodies of water. They come in various shapes, sizes, and configurations, ranging from small fishing boats and sailing yachts to massive cargo ships and ocean liners. Ships are equipped with navigational equipment, propulsion systems, and safety features designed to ensure safe and efficient passage across waterways.\r\n\r\nOne of the primary functions of ships is to facilitate trade and commerce by transporting goods and merchandise between ports and countries. Maritime trade has been a driving force behind global economic growth and prosperity for centuries, enabling the exchange of goods such as spices, silk, precious metals, and manufactured goods across continents and civilizations. Ships serve as the lifeline of international trade, carrying raw materials, finished products, and consumer goods to markets around the world.\r\n\r\nMoreover, ships play a vital role in supporting the global supply chain, transporting bulk commodities such as oil, coal, grain, and minerals from production sites to consumption centers. Tankers, bulk carriers, and container ships are among the most common types of vessels used to transport goods on a large scale, facilitating the flow of resources and materials that drive industrial production and economic development.\r\n\r\nFurthermore, ships have been instrumental in facilitating human exploration and discovery, opening up new frontiers and expanding the boundaries of human knowledge and understanding. Throughout history, ships have carried explorers, adventurers, and scientists to distant lands and uncharted territories, unlocking the secrets of the oceans and mapping the world\'s coastlines. From the voyages of ancient mariners to the exploration of the polar regions and the depths of the ocean, ships have played a central role in advancing human civilization and expanding our horizons.\r\n\r\nHowever, ships also pose environmental challenges and risks, including pollution, habitat destruction, and the spread of invasive species. Shipping activities can contribute to marine pollution through the discharge of ballast water, oil spills, and emissions from engines and exhaust systems. Additionally, ships can disturb marine ecosystems and wildlife habitats through activities such as dredging, anchoring, and underwater noise pollution.\r\n\r\nIn response to these challenges, there is growing interest in promoting sustainable shipping practices and reducing the environmental impact of maritime transportation. Initiatives such as emission controls, fuel efficiency standards, and ballast water management regulations aim to mitigate the environmental footprint of shipping activities and promote the conservation of marine resources and ecosystems.\r\n\r\nIn conclusion, ships are more than just vessels; they are symbols of human ingenuity, exploration, and connectivity. From ancient seafaring vessels to modern cargo ships and cruise liners, ships have played a vital role in shaping the course of human history and advancing global commerce and exploration. As we look to the future, it is essential to embrace sustainable shipping practices and promote responsible stewardship of the world\'s oceans and waterways, ensuring that ships continue to serve as a force for progress and prosperity for generations to come.\r\n', '2024-03-21 17:18:49', 'Approve', '0'),
(21, 5, 6, 19, 18, 'Men\'s fashion is a dynamic and diverse field that encompasses a wide range of styles, trends, and influences. From classic tailoring and timeless essentials to modern streetwear and avant-garde designs, men\'s fashion offers something for every taste and occasion. In this essay, we will explore the evolution of men\'s fashion, key trends and styles, and the role of fashion in self-expression and identity.\r\n\r\nHistorically, men\'s fashion has been shaped by various cultural, social, and economic factors, evolving over time to reflect changing norms and attitudes towards masculinity and style. In ancient civilizations, men\'s clothing often consisted of simple garments such as tunics, robes, and togas, designed for practicality and functionality rather than fashion. However, as societies became more complex and hierarchical, clothing became a means of expressing social status, wealth, and power, with elaborate garments and accessories signaling one\'s rank and prestige.\r\n\r\nIn the Middle Ages and Renaissance periods, men\'s fashion underwent significant transformations, with the emergence of tailored garments, decorative embellishments, and distinct silhouettes. The Renaissance saw the rise of doublets, hose, and codpieces, as well as luxurious fabrics such as silk, velvet, and brocade, reflecting the opulence and sophistication of the era. Meanwhile, the Industrial Revolution and the rise of mass production led to the democratization of fashion, making stylish clothing more accessible to a wider range of people.\r\n\r\nIn the 20th century, men\'s fashion witnessed numerous style revolutions and cultural movements that continue to influence contemporary trends. The early 1900s saw the emergence of dapper gentlemen\'s attire, characterized by tailored suits, waistcoats, and fedora hats, epitomized by the iconic style of figures like Cary Grant and Fred Astaire. The mid-20th century brought about the rise of casual wear and sportswear, with brands like Levi\'s, Adidas, and Nike revolutionizing men\'s wardrobes with denim jeans, sneakers, and athletic apparel.\r\n\r\nIn recent decades, men\'s fashion has become increasingly diverse and inclusive, with designers and brands embracing a wide range of styles, aesthetics, and influences. From minimalist Scandinavian design to bold streetwear and gender-neutral fashion, men\'s clothing has evolved to reflect the diverse tastes and identities of modern consumers. Moreover, the rise of social media and digital platforms has democratized fashion, empowering individuals to express themselves creatively and experiment with different looks and trends.\r\n\r\nToday, men\'s fashion is characterized by a mix of classic staples and contemporary trends, with an emphasis on versatility, comfort, and individuality. Tailored suits and dress shirts remain timeless essentials for formal occasions and professional settings, while casual wear such as T-shirts, jeans, and sneakers are wardrobe staples for everyday wear. Meanwhile, streetwear brands and luxury fashion houses continue to push boundaries with innovative designs, collaborations, and limited-edition releases that capture the zeitgeist of contemporary culture.\r\n\r\nIn conclusion, men\'s fashion is a vibrant and ever-evolving field that reflects the diversity and complexity of modern masculinity. From its historical roots in aristocratic attire to its contemporary expressions in streetwear and high fashion, men\'s clothing offers endless possibilities for self-expression, creativity, and personal style. As attitudes towards fashion continue to evolve, men are embracing fashion as a form of self-expression and empowerment, using clothing as a means to assert their identity, confidence, and individuality in an increasingly globalized and interconnected world.\r\n', '2024-03-21 17:23:07', 'Approve', '0'),
(22, 5, 6, 20, 19, 'Female fashion is a dynamic and multifaceted realm that encompasses a vast array of styles, trends, and expressions. From timeless classics to avant-garde designs, women\'s fashion serves as a medium for self-expression, creativity, and empowerment. In this essay, we will explore the evolution of female fashion, key trends and influences, and the role of fashion in shaping identity and culture.\r\n\r\nThroughout history, women\'s fashion has been influenced by cultural, social, and economic factors, evolving over time to reflect changing norms and values. In ancient civilizations, women\'s clothing was often characterized by draped garments, tunics, and robes, with varying styles and materials reflecting regional customs and traditions. As societies became more complex and interconnected, clothing became a means of expressing social status, identity, and femininity, with elaborate fabrics, embellishments, and silhouettes signaling one\'s wealth and prestige.\r\n\r\nIn the Middle Ages and Renaissance periods, women\'s fashion underwent significant transformations, with the emergence of tailored garments, corsets, and voluminous skirts. The Renaissance saw the rise of sumptuous fabrics such as silk, velvet, and brocade, as well as intricate embroidery and lacework, reflecting the opulence and refinement of the era. Meanwhile, the Industrial Revolution and the rise of mass production led to the democratization of fashion, making stylish clothing more accessible to women of all social classes.\r\n\r\nIn the 20th century, women\'s fashion witnessed numerous style revolutions and cultural movements that continue to influence contemporary trends. The early 1900s saw the emergence of the \"New Woman,\" characterized by the rise of women\'s suffrage, social activism, and changing attitudes towards gender roles. Fashion icons such as Coco Chanel and Jeanne Lanvin revolutionized women\'s wardrobes with chic and practical designs, including the iconic little black dress, tailored suits, and relaxed sportswear.\r\n\r\nThe mid-20th century brought about the golden age of Hollywood glamour, with movie stars like Marilyn Monroe, Audrey Hepburn, and Grace Kelly setting the standard for elegance and sophistication. The post-war era saw the rise of Christian Dior\'s New Look, with its hourglass silhouettes, nipped-in waists, and full skirts, epitomizing the feminine ideal of the time. Meanwhile, the 1960s and 1970s ushered in an era of youth culture and countercultural movements, with mini skirts, bell-bottoms, and psychedelic prints challenging conventional notions of beauty and style.\r\n\r\nIn recent decades, women\'s fashion has become increasingly diverse, inclusive, and globalized, with designers and brands embracing a wide range of aesthetics, influences, and identities. From minimalist Scandinavian design to bold streetwear and sustainable fashion, women\'s clothing reflects the diverse tastes and values of modern consumers. Moreover, the rise of social media and digital platforms has democratized fashion, empowering women to express themselves creatively and experiment with different looks and trends.\r\n\r\nToday, women\'s fashion is characterized by a mix of classic staples and contemporary trends, with an emphasis on versatility, individuality, and self-expression. From tailored blazers and midi dresses to athleisure wear and gender-neutral fashion, women have more options than ever to express their personal style and embrace their unique identities. Fashion has become a powerful tool for empowerment and self-confidence, allowing women to assert their autonomy, agency, and creativity in an increasingly complex and interconnected world.\r\n\r\nIn conclusion, women\'s fashion is a vibrant and dynamic field that celebrates diversity, creativity, and self-expression. From its historical roots in aristocratic attire to its contemporary expressions in streetwear and high fashion, women\'s clothing offers endless possibilities for exploration, experimentation, and reinvention. As attitudes towards fashion continue to evolve, women are embracing fashion as a form of self-expression and empowerment, using clothing as a means to assert their identity, confidence, and individuality in an ever-changing and challenging world.\r\n', '2024-03-21 17:23:35', 'Approve', '0'),
(23, 5, 6, 21, 20, 'Children\'s fashion is a delightful and ever-evolving realm that reflects the creativity, playfulness, and innocence of childhood. From adorable onesies and playful prints to stylish outfits and miniaturized versions of adult trends, children\'s fashion offers a diverse range of styles and options for young ones to express themselves and showcase their unique personalities. In this essay, we will explore the significance of children\'s fashion, key trends and influences, and the role of clothing in shaping children\'s identities and experiences.\r\n\r\nChildren\'s fashion has evolved significantly over the years, reflecting changing societal attitudes towards childhood, gender, and individuality. In the past, children\'s clothing was often simple, practical, and gender-specific, with boys dressed in suits and trousers and girls adorned in dresses and skirts. However, as notions of gender and identity have evolved, so too has children\'s fashion, with designers and brands embracing more inclusive and diverse styles and silhouettes.\r\n\r\nToday, children\'s fashion is characterized by a mix of classic staples and contemporary trends, with an emphasis on comfort, functionality, and versatility. From soft, organic cotton onesies for newborns to trendy denim jackets and sneakers for older kids, children\'s clothing offers a wide range of options to suit every age, size, and occasion. Moreover, children\'s fashion has become increasingly influenced by adult trends, with miniaturized versions of adult styles and designer labels becoming increasingly popular among fashion-forward parents.\r\n\r\nOne of the key trends in children\'s fashion is the focus on sustainability and ethical production practices. With growing awareness of environmental issues and labor rights, many parents are seeking out clothing brands that prioritize eco-friendly materials, fair labor practices, and transparent supply chains. As a result, organic cotton, recycled materials, and ethically sourced fabrics have become increasingly prevalent in children\'s clothing collections, reflecting a shift towards more conscious consumption habits.\r\n\r\nAnother important trend in children\'s fashion is the celebration of diversity and representation. With a growing emphasis on inclusivity and body positivity, many clothing brands are embracing diverse models and inclusive sizing to ensure that every child feels represented and included. Moreover, gender-neutral clothing options have become increasingly popular, allowing children to express themselves freely and break away from traditional gender norms and stereotypes.\r\n\r\nIn addition to reflecting broader societal trends, children\'s fashion also plays a significant role in shaping children\'s identities and experiences. Clothing is a form of self-expression, allowing children to showcase their personalities, interests, and individuality through their style choices. Whether they prefer bright colors and playful prints or classic silhouettes and minimalist designs, children\'s fashion allows them to explore and experiment with different looks and trends as they navigate the world around them.\r\n\r\nFurthermore, clothing can also influence children\'s confidence, self-esteem, and sense of belonging. When children feel comfortable and confident in their clothing, they are more likely to engage in activities, interact with others, and express themselves authentically. By providing children with clothing that reflects their interests, values, and identities, parents and caregivers can help foster a positive self-image and empower them to embrace their uniqueness.\r\n\r\nIn conclusion, children\'s fashion is a vibrant and diverse field that celebrates the joy, creativity, and individuality of childhood. From playful prints and colorful designs to sustainable materials and inclusive sizing, children\'s clothing offers a wide range of options to suit every child\'s style and personality. By embracing diversity, sustainability, and inclusivity, children\'s fashion plays a crucial role in shaping children\'s identities and experiences, allowing them to express themselves authentically and confidently as they navigate the world around them.\r\n\r\n', '2024-03-21 17:23:59', 'Approve', '0'),
(24, 5, 6, 22, 21, 'Fashion within the LGBTQ+ community, including gay fashion, is a dynamic and diverse realm that celebrates self-expression, creativity, and individuality. LGBTQ+ individuals have long played a significant role in shaping fashion trends, challenging gender norms, and pushing the boundaries of style and identity. In this essay, we will explore the significance of gay fashion, key trends and influences, and the role of clothing in LGBTQ+ culture and expression.\r\n\r\nGay fashion encompasses a wide range of styles, aesthetics, and influences, reflecting the diverse experiences and identities within the LGBTQ+ community. Historically, LGBTQ+ individuals have used fashion as a form of self-expression and resistance, reclaiming and subverting traditional gender norms and societal expectations. From drag queens and gender non-conforming individuals to queer fashion designers and influencers, gay fashion has always been at the forefront of innovation, creativity, and boundary-pushing in the fashion world.\r\n\r\nOne of the key trends in gay fashion is the celebration of gender fluidity and non-conformity. LGBTQ+ individuals have long challenged rigid notions of masculinity and femininity, embracing a more fluid and inclusive approach to gender expression. This is reflected in clothing choices that blur the lines between traditionally male and female garments, such as skirts, dresses, and makeup for men, and tailored suits, trousers, and androgynous styles for women. Gender-neutral fashion has become increasingly popular, offering clothing options that transcend traditional gender binaries and allow individuals to express themselves authentically.\r\n\r\nMoreover, LGBTQ+ fashion often celebrates boldness, color, and self-confidence. From vibrant rainbow motifs and glittery sequins to edgy leather and studs, gay fashion embraces flamboyance, theatricality, and individuality. LGBTQ+ individuals use clothing as a form of self-expression, signaling their identity, community affiliation, and pride through their style choices. Fashion has become a powerful tool for empowerment and visibility within the LGBTQ+ community, allowing individuals to assert their identity, challenge stereotypes, and celebrate their unique selves.\r\n\r\nIn addition to celebrating individuality and self-expression, gay fashion also plays a significant role in LGBTQ+ culture and community building. Fashion events such as Pride parades, drag balls, and queer fashion shows provide spaces for LGBTQ+ individuals to express themselves creatively, connect with others, and celebrate their identities. Fashion designers, brands, and influencers often use their platforms to advocate for LGBTQ+ rights and visibility, supporting initiatives such as anti-discrimination laws, LGBTQ+ youth programs, and HIV/AIDS awareness campaigns.\r\n\r\nFurthermore, gay fashion has become increasingly mainstream and influential in the broader fashion industry. LGBTQ+ designers, models, stylists, and influencers have made significant contributions to fashion, challenging norms and inspiring new trends. LGBTQ+ representation in fashion campaigns, runway shows, and editorial spreads has increased in recent years, reflecting a growing awareness and acceptance of diverse sexual orientations and gender identities within the industry.\r\n\r\nIn conclusion, gay fashion is a vibrant and influential force in the fashion world, celebrating self-expression, creativity, and individuality within the LGBTQ+ community. From challenging gender norms and embracing fluidity to celebrating pride and visibility, gay fashion plays a crucial role in shaping identities, fostering community, and challenging societal norms. By embracing diversity, inclusivity, and self-expression, gay fashion continues to push boundaries, inspire change, and celebrate the richness and diversity of LGBTQ+ culture and identity.\r\n\r\n', '2024-03-21 17:24:26', 'Approve', '0'),
(25, 5, 7, 23, 22, 'An electrocardiogram (ECG or EKG) is a diagnostic test that measures and records the electrical activity of the heart. It is a non-invasive procedure that helps healthcare professionals evaluate the heart\'s rhythm, rate, and overall electrical function. The ECG test is widely used in clinical practice to diagnose various heart conditions, monitor cardiac health, and assess the effectiveness of treatments.\r\n\r\nDuring an ECG test, small electrodes are attached to the skin on the chest, arms, and legs. These electrodes detect the electrical signals produced by the heart as it beats and pumps blood throughout the body. The signals are recorded by the ECG machine and displayed as waveforms on a graph, which healthcare providers interpret to assess the heart\'s performance.\r\n\r\nThe ECG waveform consists of several distinct waves and intervals, each representing different phases of the cardiac cycle. The P wave represents atrial depolarization (contraction), the QRS complex represents ventricular depolarization (contraction), and the T wave represents ventricular repolarization (relaxation). By analyzing the shape, duration, and timing of these waves, healthcare providers can identify abnormalities in the heart\'s electrical activity and diagnose various heart conditions.\r\n\r\nOne of the primary uses of the ECG test is to diagnose cardiac arrhythmias, which are abnormal heart rhythms that can lead to serious complications if left untreated. Arrhythmias may manifest as irregular heartbeats, skipped beats, or rapid heart rates, and they can increase the risk of stroke, heart attack, and sudden cardiac arrest. The ECG test helps healthcare providers identify the type and severity of arrhythmias and develop appropriate treatment plans to manage them effectively.\r\n\r\nIn addition to diagnosing arrhythmias, the ECG test is also used to detect other cardiac abnormalities, such as myocardial infarction (heart attack), ischemia (inadequate blood flow to the heart), cardiomyopathy (heart muscle disease), and electrolyte imbalances. Changes in the ECG waveform, such as ST-segment elevation or depression, T-wave inversion, or the presence of abnormal Q waves, can indicate underlying heart problems and guide further evaluation and treatment.\r\n\r\nFurthermore, the ECG test plays a crucial role in monitoring patients with known heart conditions, assessing their response to treatment, and identifying potential complications. Serial ECGs may be performed over time to track changes in the heart\'s electrical activity and evaluate the effectiveness of interventions such as medications, lifestyle modifications, or invasive procedures.\r\n\r\nIn conclusion, the electrocardiogram (ECG or EKG) is a valuable diagnostic tool in cardiology that helps healthcare providers evaluate the electrical activity of the heart and diagnose various cardiac conditions. By detecting abnormalities in the heart\'s rhythm, rate, and conduction system, the ECG test plays a crucial role in improving patient outcomes, guiding treatment decisions, and promoting cardiac health. Its non-invasive nature, simplicity, and effectiveness make it a cornerstone of cardiac diagnostics and an indispensable tool in modern medicine.\r\n\r\n', '2024-03-21 17:32:07', 'Approve', '0'),
(26, 5, 7, 24, 23, 'An electroencephalogram (EEG) is a diagnostic test used to measure and record the electrical activity of the brain. It is a non-invasive procedure that helps healthcare professionals assess brain function, diagnose neurological conditions, and monitor brain activity during various states such as wakefulness, sleep, and seizures.\r\n\r\nDuring an EEG test, small electrodes are attached to the scalp using adhesive or a special cap. These electrodes detect the electrical signals produced by the neurons (brain cells) as they communicate with each other. The signals are amplified, filtered, and recorded by the EEG machine, which displays them as waveforms on a computer monitor or paper printout.\r\n\r\nThe EEG waveform consists of different types of waves, each representing different patterns of brain activity. These waves are categorized based on their frequency (cycles per second, or Hertz) and amplitude (height of the wave). The main types of EEG waves include:\r\n\r\n1. **Alpha Waves**: Relatively low-frequency waves (8-13 Hz) that are present when the brain is in a relaxed, awake state with closed eyes. They are commonly seen in the occipital (back) regions of the brain.\r\n\r\n2. **Beta Waves**: Higher-frequency waves (14-30 Hz) that are associated with active mental concentration, alertness, and problem-solving. They are typically seen in the frontal (front) regions of the brain.\r\n\r\n3. **Theta Waves**: Slower-frequency waves (4-7 Hz) that are observed during drowsiness, light sleep, or meditative states. They may also occur during certain stages of sleep or in individuals with certain neurological conditions.\r\n\r\n4. **Delta Waves**: The slowest-frequency waves (less than 4 Hz) that are prominent during deep sleep. They are also seen in conditions such as brain injury, encephalopathy, or other disorders affecting brain function.\r\n\r\nIn addition to these basic wave types, EEG recordings may also reveal other patterns or abnormalities that can provide valuable information about brain function and health. For example, spikes, sharp waves, or slow waves may indicate epileptic activity or seizure disorders. Other abnormalities such as slowing or asymmetry of brain activity may suggest underlying neurological conditions such as dementia, stroke, or tumors.\r\n\r\nEEG testing is used in a variety of clinical settings and applications, including:\r\n\r\n1. **Diagnosis of Epilepsy**: EEG is often used to confirm the diagnosis of epilepsy and characterize seizure types and patterns. It can help differentiate epileptic seizures from other types of events such as fainting or psychogenic non-epileptic seizures.\r\n\r\n2. **Monitoring Brain Function**: EEG can assess brain function in patients with altered mental status, coma, or brain injuries. It may also be used during surgeries involving the brain to monitor the effects of anesthesia and assess brain activity.\r\n\r\n3. **Sleep Studies**: EEG is an essential tool in sleep medicine for diagnosing sleep disorders such as sleep apnea, insomnia, and parasomnias. It helps identify abnormalities in sleep architecture and patterns of brain activity during different stages of sleep.\r\n\r\n4. **Research**: EEG is used in neuroscience research to study brain function, cognitive processes, and the effects of drugs or interventions on brain activity. It provides valuable insights into the underlying mechanisms of neurological disorders and mental health conditions.\r\n\r\nOverall, EEG is a valuable diagnostic tool that provides valuable information about brain function and health. It helps healthcare professionals diagnose and manage neurological conditions, monitor treatment effectiveness, and improve patient outcomes. Despite its limitations, such as its inability to provide detailed anatomical information or localize specific brain lesions, EEG remains an indispensable tool in clinical neurology and neuroscience.\r\n', '2024-03-21 17:33:05', 'Approve', '0'),
(27, 5, 7, 26, 25, 'Endoscopy is a medical procedure used to examine the interior surfaces of the body through the use of an endoscope, a flexible tube with a light and camera attached to it. This procedure allows healthcare professionals to visualize and assess various organs and structures within the body, aiding in diagnosis, treatment, and monitoring of medical conditions.\r\n\r\nDuring an endoscopy procedure, the endoscope is inserted into the body through a natural opening, such as the mouth, nose, anus, or urethra, or through a small incision in the skin. The endoscope is then guided through the body to the area of interest, allowing the healthcare provider to obtain real-time images and video footage of the internal structures. In some cases, specialized instruments can be passed through the endoscope to perform biopsies, remove tissue samples, or treat certain conditions.\r\n\r\nOne of the most common types of endoscopy is upper gastrointestinal (GI) endoscopy, also known as esophagogastroduodenoscopy (EGD). During an EGD procedure, the endoscope is inserted through the mouth and guided down the esophagus into the stomach and duodenum (the first part of the small intestine). This procedure is used to diagnose and treat conditions such as gastroesophageal reflux disease (GERD), peptic ulcers, gastrointestinal bleeding, and tumors.\r\n\r\nAnother commonly performed endoscopic procedure is colonoscopy, which is used to examine the colon and rectum. During a colonoscopy, the endoscope is inserted through the anus and guided through the entire length of the large intestine. This procedure is used to screen for colorectal cancer, detect and remove polyps, diagnose inflammatory bowel disease (IBD), and evaluate symptoms such as rectal bleeding or abdominal pain.\r\n\r\nEndoscopy is also used to examine other parts of the body, including the respiratory tract (bronchoscopy), urinary tract (cystoscopy), and female reproductive organs (hysteroscopy). Bronchoscopy allows healthcare providers to visualize the airways and lungs, diagnose respiratory conditions, and remove foreign objects or tissue samples. Cystoscopy is used to evaluate the bladder and urethra, diagnose urinary tract infections or blockages, and detect bladder cancer. Hysteroscopy allows visualization of the inside of the uterus, diagnosis of uterine abnormalities, and treatment of conditions such as fibroids or polyps.\r\n\r\nEndoscopy offers several advantages over traditional surgical procedures, including less invasive approach, shorter recovery times, and reduced risk of complications. It allows healthcare providers to visualize internal structures directly, making it easier to diagnose and treat various medical conditions. Additionally, endoscopy can be performed on an outpatient basis, minimizing the need for hospitalization and allowing patients to resume normal activities sooner.\r\n\r\nIn conclusion, endoscopy is a valuable diagnostic and therapeutic tool that allows healthcare providers to visualize and assess internal structures within the body. Whether used for gastrointestinal, respiratory, urinary, or gynecological purposes, endoscopy plays a crucial role in diagnosing medical conditions, guiding treatment decisions, and improving patient outcomes. Its minimally invasive nature, high accuracy, and versatility make it an indispensable tool in modern medicine, helping healthcare providers deliver high-quality care to patients around the world.\r\n\r\n', '2024-03-21 17:34:09', 'Approve', '0'),
(28, 5, 7, 26, 25, 'A CT scan, or computed tomography scan, is a medical imaging procedure that uses specialized X-ray equipment and computer technology to create detailed cross-sectional images of the body. These images, also known as \"slices\" or \"tomograms,\" provide healthcare professionals with valuable information about the internal structures, organs, and tissues, helping in the diagnosis, treatment planning, and monitoring of various medical conditions.\r\n\r\nDuring a CT scan, the patient lies on a motorized table that moves through a doughnut-shaped machine called a CT scanner. The scanner emits a series of X-ray beams from multiple angles around the body, which are detected by detectors on the opposite side of the scanner. A computer then processes the data and reconstructs it into detailed images that can be viewed on a monitor or printed for further analysis.\r\n\r\nOne of the key advantages of CT scans is their ability to produce high-resolution images that provide clear visualization of internal structures with excellent anatomical detail. This makes CT scans particularly useful for diagnosing a wide range of medical conditions, including:\r\n\r\n1. **Trauma and Injuries**: CT scans are often used to evaluate traumatic injuries such as fractures, head injuries, and internal bleeding. They can quickly assess the extent of damage and guide treatment decisions in emergency situations.\r\n\r\n2. **Cancer**: CT scans are commonly used to detect and evaluate tumors in various parts of the body, including the brain, chest, abdomen, and pelvis. They can help determine the size, location, and characteristics of tumors, as well as assess their response to treatment.\r\n\r\n3. **Infections and Inflammation**: CT scans can identify areas of infection, inflammation, or abscesses in the body, such as pneumonia, appendicitis, or sinusitis. They provide valuable information for diagnosis and treatment planning.\r\n\r\n4. **Vascular Conditions**: CT angiography (CTA) is a specialized type of CT scan used to visualize the blood vessels and diagnose conditions such as aneurysms, arterial blockages, and vascular malformations.\r\n\r\n5. **Bone and Joint Disorders**: CT scans can provide detailed images of bones and joints, making them useful for diagnosing conditions such as arthritis, fractures, and degenerative joint disease.\r\n\r\n6. **Abdominal and Pelvic Disorders**: CT scans are often used to evaluate abdominal and pelvic organs such as the liver, kidneys, pancreas, and intestines. They can detect abnormalities such as tumors, cysts, or gallstones and help diagnose conditions such as gastrointestinal bleeding or abdominal pain.\r\n\r\nWhile CT scans offer many benefits, including high-quality images and rapid results, they also involve exposure to ionizing radiation, which carries a small risk of potential harm. Therefore, healthcare providers carefully weigh the benefits and risks of CT scans and consider alternative imaging modalities when appropriate, such as ultrasound or MRI (magnetic resonance imaging), especially for certain patient populations such as pregnant women or children.\r\n\r\nIn conclusion, CT scans are a valuable diagnostic tool that provides detailed images of the body\'s internal structures, helping healthcare professionals diagnose and treat a wide range of medical conditions. With their high resolution, speed, and versatility, CT scans play a crucial role in modern medicine, enabling early detection, accurate diagnosis, and effective management of diseases and injuries. However, their use should be judicious, taking into account the potential risks and benefits for each individual patient.\r\n\r\n', '2024-03-21 17:34:57', 'Approve', '0'),
(29, 5, 7, 27, 26, 'Ultrasound, also known as ultrasonography, is a non-invasive medical imaging technique that uses high-frequency sound waves to produce real-time images of the body\'s internal structures. It is a versatile and widely used imaging modality that provides valuable information for diagnosing medical conditions, monitoring fetal development during pregnancy, and guiding medical procedures.\r\n\r\nDuring an ultrasound procedure, a small handheld device called a transducer is placed against the skin and moved over the area of interest. The transducer emits high-frequency sound waves that travel through the body and bounce off internal structures, such as organs, tissues, and blood vessels. These echoes are then detected by the transducer and converted into images that are displayed on a monitor in real-time.\r\n\r\nUltrasound imaging offers several advantages over other imaging modalities, including its safety, versatility, and ability to produce images in real-time. Unlike X-rays or CT scans, ultrasound does not use ionizing radiation, making it safe for use in pregnant women and children. It is also non-invasive and painless, making it well-tolerated by patients of all ages.\r\n\r\nOne of the most common uses of ultrasound is in obstetrics, where it is used to monitor fetal development during pregnancy. Obstetric ultrasound allows healthcare providers to visualize the fetus, assess its growth and development, and detect any abnormalities or complications. It can also be used to determine the baby\'s gender, estimate gestational age, and identify the placenta and amniotic fluid.\r\n\r\nIn addition to obstetrics, ultrasound is used in various medical specialties for diagnostic and therapeutic purposes. In cardiology, echocardiography (a type of ultrasound) is used to evaluate the structure and function of the heart, diagnose heart conditions such as heart valve disease or congenital heart defects, and assess blood flow through the heart and blood vessels.\r\n\r\nIn radiology, ultrasound is used to evaluate abdominal organs such as the liver, gallbladder, pancreas, kidneys, and spleen. It can detect abnormalities such as tumors, cysts, or gallstones and help diagnose conditions such as liver cirrhosis, kidney stones, or pancreatitis. Ultrasound is also used to guide biopsies, drainages, or injections, allowing healthcare providers to target specific areas with precision and accuracy.\r\n\r\nOutside of diagnostic imaging, ultrasound is also used in therapeutic applications such as physical therapy, rehabilitation, and pain management. Therapeutic ultrasound uses focused sound waves to generate heat and promote tissue healing, reduce inflammation, and alleviate pain in conditions such as musculoskeletal injuries, arthritis, or tendonitis.\r\n\r\nIn conclusion, ultrasound is a valuable medical imaging technique that provides real-time images of the body\'s internal structures without the use of radiation. Its safety, versatility, and effectiveness make it an indispensable tool in modern medicine for diagnosing medical conditions, monitoring fetal development, guiding medical procedures, and promoting healing and rehabilitation. With ongoing advancements in technology and techniques, ultrasound continues to play a crucial role in improving patient care and outcomes across a wide range of medical specialties.\r\n\r\n', '2024-03-21 17:35:37', 'Approve', '0'),
(30, 5, 7, 28, 28, 'Blood tests are an essential component of modern healthcare, providing valuable information about a person\'s overall health, detecting diseases and medical conditions, and monitoring the effectiveness of treatments. These tests analyze various components of the blood, such as red blood cells, white blood cells, platelets, and plasma, as well as specific substances such as glucose, cholesterol, and hormones. Blood tests are widely used in clinical practice for diagnostic, screening, and monitoring purposes, and they play a crucial role in improving patient outcomes and promoting preventive healthcare.\r\n\r\nOne of the most common types of blood tests is the complete blood count (CBC), which measures the levels of different types of blood cells, including red blood cells (RBCs), white blood cells (WBCs), and platelets. The CBC provides important information about a person\'s overall health and can help diagnose conditions such as anemia, infections, and bleeding disorders. Abnormalities in the CBC, such as low hemoglobin levels or elevated white blood cell counts, may indicate underlying medical conditions that require further evaluation and treatment.\r\n\r\nBlood tests are also used to assess organ function and detect abnormalities in various organs and systems of the body. For example, liver function tests (LFTs) measure levels of enzymes and other substances produced by the liver, helping diagnose liver diseases such as hepatitis, cirrhosis, or fatty liver disease. Similarly, kidney function tests assess the levels of waste products and electrolytes in the blood, providing information about kidney function and detecting conditions such as kidney failure or urinary tract infections.\r\n\r\nFurthermore, blood tests are used to evaluate metabolic parameters such as blood glucose, cholesterol, and triglyceride levels, which are important indicators of cardiovascular health and risk factors for heart disease, diabetes, and other metabolic disorders. Regular monitoring of these parameters can help prevent or manage chronic conditions and promote overall well-being.\r\n\r\nIn addition to diagnosing diseases and monitoring organ function, blood tests are used for screening purposes to detect diseases in their early stages, when treatment is most effective. For example, blood tests such as the prostate-specific antigen (PSA) test and the mammogram are used for cancer screening, helping detect prostate cancer in men and breast cancer in women before symptoms develop.\r\n\r\nBlood tests also play a crucial role in monitoring the effectiveness of treatments and medications, allowing healthcare providers to adjust dosages, change treatment plans, or evaluate disease progression. For example, blood tests such as viral load tests are used to monitor the effectiveness of antiretroviral therapy in patients with HIV/AIDS, while blood glucose monitoring is essential for managing diabetes and adjusting insulin therapy.\r\n\r\nIn conclusion, blood tests are indispensable tools in modern healthcare, providing valuable information about a person\'s health status, diagnosing diseases, monitoring organ function, and guiding treatment decisions. With their ability to detect diseases in their early stages, monitor treatment effectiveness, and promote preventive healthcare, blood tests play a crucial role in improving patient outcomes and enhancing overall well-being. Continued advancements in technology and research will further enhance the utility and effectiveness of blood tests in diagnosing and managing a wide range of medical conditions.\r\n\r\n', '2024-03-21 17:36:02', 'Approve', '0');
INSERT INTO `content` (`c_id`, `user_id`, `t_id`, `s_id`, `img_id`, `content_info`, `timestamp`, `status`, `count`) VALUES
(31, 5, 8, 29, 29, 'Bijapur, also known as Vijayapura, is a city in the Indian state of Karnataka with a rich historical heritage dating back centuries. It was once the capital of the Adil Shahi dynasty, a powerful Muslim kingdom that ruled the Deccan region from the late 15th to the late 17th century. Today, Bijapur is renowned for its magnificent monuments, forts, mosques, and tombs, which stand as testaments to its glorious past and architectural prowess. Let\'s explore some of the most prominent historical places in Bijapur.\r\n\r\nOne of the most iconic landmarks in Bijapur is the Gol Gumbaz, a colossal mausoleum built by Sultan Muhammad Adil Shah in the 17th century. The Gol Gumbaz is famous for its massive dome, which is the second-largest unsupported dome in the world, after the dome of St. Peter\'s Basilica in Rome. The mausoleum houses the tombs of Sultan Adil Shah, his wives, and his successors, and its acoustics are such that even the faintest whisper can be heard clearly from one end of the dome to the other.\r\n\r\nAnother architectural marvel in Bijapur is the Ibrahim Rauza, a complex comprising the tomb and mosque of Sultan Ibrahim Adil Shah II. Built in the 16th century, the Ibrahim Rauza is known for its elegant Persian-inspired architecture, intricate carvings, and beautiful gardens. The main tomb features a striking dome and finely detailed decorations, while the adjacent mosque is adorned with exquisite calligraphy and geometric patterns.\r\n\r\nThe Jami Masjid, also known as the Jama Masjid, is one of the largest mosques in Bijapur and a significant religious and architectural landmark. Constructed during the reign of Adil Shah I in the late 16th century, the Jami Masjid showcases a blend of Persian, Indian, and Mughal architectural styles. Its grand prayer hall, towering minarets, and intricately carved mihrab (prayer niche) are a testament to the city\'s cultural and religious diversity.\r\n\r\nThe Malik-i-Maidan, or \"Monarch of the Plains,\" is a colossal cannon located near the Jami Masjid. Cast in the 16th century by order of Adil Shah I, the Malik-i-Maidan is one of the largest medieval cannons in the world, weighing over 55 tons. Its barrel is adorned with intricate floral designs and inscriptions in Persian and Arabic, and it is said to have been used in battle to defend the city against enemy forces.\r\n\r\nOther notable historical sites in Bijapur include the Asar Mahal, a royal palace converted into a museum showcasing artifacts and relics from the Adil Shahi period; the Bara Kaman, an unfinished mausoleum complex commissioned by Ali Adil Shah II; and the Bijapur Fort, a sprawling citadel that once served as the seat of the Adil Shahi dynasty.\r\n\r\nIn conclusion, Bijapur is a treasure trove of historical landmarks and architectural wonders that offer a glimpse into its illustrious past. From majestic mausoleums and grand mosques to towering cannons and sprawling forts, the city\'s rich heritage continues to captivate visitors and historians alike, preserving the legacy of the Adil Shahi dynasty for generations to come.\r\n\r\n', '2024-03-22 10:09:42', 'Approve', '0'),
(32, 5, 8, 30, 30, 'Shivamogga, also known as Shimoga, is a city in the southern Indian state of Karnataka. Renowned for its natural beauty, Shivamogga also boasts a rich historical heritage, with several notable historical places that offer glimpses into its past. Let\'s delve into some of these significant landmarks:\r\n\r\n1. **Keladi Nayaka Palace**: Located in the village of Keladi, around 8 kilometers from Shivamogga, the Keladi Nayaka Palace stands as a testament to the Keladi Nayaka dynasty, which ruled the region in the 16th and 17th centuries. The palace, constructed in traditional Nayaka style architecture, showcases intricate carvings, wooden pillars, and spacious courtyards. It serves as a museum today, housing artifacts, sculptures, and relics from the dynasty\'s reign.\r\n\r\n2. **Shivappa Nayaka Fort**: Situated in Shivamogga itself, the Shivappa Nayaka Fort was built during the rule of Shivappa Nayaka, a prominent ruler of the Keladi Nayaka dynasty. The fort, strategically located on the banks of the Tunga River, played a significant role in the region\'s defense. Although much of the fort is in ruins today, visitors can still explore its remnants and admire its historical significance.\r\n\r\n3. **Gajanur Dam**: While not strictly a historical monument, the Gajanur Dam is a notable landmark in Shivamogga with historical significance. Built across the Tunga River, the dam was constructed during the British colonial period in the early 20th century. It served as a vital source of irrigation for the region\'s agricultural activities and continues to play a crucial role in water management today.\r\n\r\n4. **Mattur Lake and Temple**: Mattur, a village near Shivamogga, is renowned for its ancient temple dedicated to the Hindu deity Rama. The temple, with its distinct architecture and religious significance, attracts devotees and tourists alike. Adjacent to the temple is the picturesque Mattur Lake, offering serene surroundings and a glimpse into the region\'s natural beauty.\r\n\r\n5. **Kote Seetharamanjaneya Temple**: Another prominent religious site in Shivamogga is the Kote Seetharamanjaneya Temple, dedicated to Lord Hanuman. The temple, situated within the premises of the historic Shivappa Nayaka Palace, features intricate carvings and sculptures, reflecting the region\'s architectural and cultural heritage.\r\n\r\n6. **Aghoreshwara Temple**: Located in the village of Ikkeri, near Shivamogga, the Aghoreshwara Temple is an ancient shrine dedicated to Lord Shiva. Dating back to the Keladi Nayaka period, the temple boasts magnificent architecture, with intricately carved pillars, sanctums, and sculptures depicting mythological scenes.\r\n\r\nIn conclusion, Shivamogga is not only blessed with natural beauty but also enriched with a rich historical legacy. From ancient palaces and forts to temples and dams, each historical landmark in Shivamogga narrates a tale of the region\'s glorious past and cultural heritage. These sites serve as reminders of the city\'s historical significance and continue to captivate visitors with their architectural splendor and historical allure.\r\n\r\n', '2024-03-22 10:10:09', 'Approve', '0'),
(33, 5, 8, 31, 31, 'Srirangapatna, a historic town located near Mysore in the Indian state of Karnataka, is renowned for its rich cultural and religious heritage. Home to several ancient temples, Srirangapatna attracts pilgrims and tourists alike who come to admire the architectural splendor and spiritual significance of these sacred sites. Let\'s explore some of the notable temples in Srirangapatna:\r\n\r\n1. **Sri Ranganathaswamy Temple**: The Sri Ranganathaswamy Temple is the most famous and revered temple in Srirangapatna. Dedicated to Lord Ranganatha, a form of the Hindu god Vishnu, this ancient temple dates back to the 9th century and is considered one of the largest Vaishnavite temples in Karnataka. The temple\'s architecture is a fine example of Dravidian style, characterized by intricately carved pillars, gopurams (towering entrance gateways), and a massive rajagopuram (main tower). The sanctum sanctorum houses a reclining idol of Lord Ranganatha, which is believed to be one of the largest idols of Lord Vishnu in a reclining posture.\r\n\r\n2. **Nimishamba Temple**: Situated on the banks of the Cauvery River, the Nimishamba Temple is dedicated to Goddess Nimishamba, an incarnation of Goddess Parvati. This ancient temple is believed to have been built during the reign of the Vijayanagara Empire in the 17th century. The deity is worshipped with great devotion by devotees seeking blessings for prosperity, fertility, and well-being. The temple\'s serene location by the riverside adds to its spiritual ambiance, making it a popular pilgrimage destination.\r\n\r\n3. **Ganjammanakshi Temple**: The Ganjammanakshi Temple is dedicated to Goddess Parvati, also known as Ganjammanakshi. This temple is located near the Srirangapatna Fort and is believed to have been constructed during the Hoysala period. The presiding deity, Goddess Ganjammanakshi, is worshipped for her benevolent blessings, and the temple attracts devotees from far and wide, especially during festivals and auspicious occasions.\r\n\r\n4. **Sri Lakshmi Venkataramanaswamy Temple**: Dedicated to Lord Venkataramanaswamy, an incarnation of Lord Vishnu, this temple is situated near the Sri Ranganathaswamy Temple. The temple\'s architecture reflects a blend of Hoysala and Vijayanagara styles, with intricately carved pillars and sculptures depicting scenes from Hindu mythology. The annual Brahmotsava festival celebrated here with great pomp and splendor attracts devotees and tourists from across the region.\r\n\r\n5. **Sri Nimishamba Temple**: Another temple dedicated to Goddess Nimishamba, this shrine is located near the Sri Ranganathaswamy Temple. Devotees visit this temple to seek the blessings of the goddess for fulfillment of their wishes and desires. The temple\'s serene surroundings and tranquil ambiance make it an ideal place for spiritual contemplation and devotion.\r\n\r\nIn conclusion, the temples of Srirangapatna stand as symbols of the town\'s rich cultural and religious heritage. These ancient shrines, with their magnificent architecture, intricate carvings, and spiritual significance, continue to inspire awe and devotion among pilgrims and visitors. Each temple narrates a tale of devotion, tradition, and divine grace, making Srirangapatna a sacred destination for seekers of spiritual solace and enlightenment.\r\n', '2024-03-22 10:10:57', 'Approve', '0'),
(34, 5, 8, 32, 33, 'Halebid, also known as Halebidu, is a historic town located in the Hassan district of Karnataka, India. Renowned for its exquisite Hoysala architecture and ancient temples, Halebid is a treasure trove of cultural heritage and architectural marvels. Let\'s delve into the significance and beauty of this remarkable town.\r\n\r\n1. **Hoysaleswara Temple**: The Hoysaleswara Temple is the crown jewel of Halebid\'s architectural splendor. Built during the Hoysala Empire\'s reign in the 12th century, this magnificent temple is dedicated to Lord Shiva. The temple\'s intricate stone carvings, depicting scenes from Hindu mythology, celestial beings, animals, and intricate floral motifs, are unparalleled in their beauty and craftsmanship. The outer walls of the temple are adorned with friezes depicting various episodes from the Ramayana, Mahabharata, and Bhagavata Purana, showcasing the Hoysala artisans\' mastery over stone sculpture.\r\n\r\n2. **Kedareshwara Temple**: Another notable temple in Halebid is the Kedareshwara Temple, dedicated to Lord Shiva. Built in the 12th century, this temple features similar architectural elements as the Hoysaleswara Temple, including intricately carved pillars, sculptures, and ornate doorways. The temple\'s sanctum sanctorum houses a lingam, a symbolic representation of Lord Shiva, worshipped by devotees seeking blessings and spiritual solace.\r\n\r\n3. **Archaeological Museum**: The Archaeological Museum in Halebid is a must-visit for history enthusiasts and art lovers. Housed within the Hoysaleswara Temple complex, the museum showcases a rich collection of sculptures, artifacts, inscriptions, and architectural fragments dating back to the Hoysala period. Visitors can admire exquisite stone sculptures of gods, goddesses, celestial beings, and mythical creatures, providing insights into the region\'s cultural and artistic heritage.\r\n\r\n4. **Jain Temples**: Halebid is also home to several Jain temples, reflecting the town\'s religious diversity and cultural heritage. The Jain temples, built during the Hoysala era, feature intricate carvings and sculptures depicting Jain deities, Tirthankaras, and motifs symbolizing Jain philosophy. The Parshwanath Basadi and Shantinatha Basadi are among the prominent Jain temples in Halebid, attracting pilgrims and tourists alike with their architectural beauty and spiritual significance.\r\n\r\n5. **Halebidu Fort**: While much of the Halebidu Fort lies in ruins today, it still bears testimony to the town\'s historical significance and strategic importance during the Hoysala period. The fort\'s remains, including fortifications, gateways, and watchtowers, offer glimpses into its glorious past and architectural grandeur.\r\n\r\nIn conclusion, Halebid stands as a testament to the Hoysala Empire\'s architectural brilliance and cultural legacy. With its magnificent temples, intricate stone carvings, and rich artistic heritage, Halebid continues to captivate visitors from around the world, offering a journey back in time to an era of artistic excellence and spiritual devotion. As a UNESCO World Heritage Site, Halebid remains a symbol of India\'s rich cultural heritage and architectural prowess, preserving its legacy for generations to come.\r\n', '2024-03-22 10:11:28', 'Approve', '0'),
(35, 5, 8, 33, 34, '\r\nAihole, located in the Bagalkot district of Karnataka, India, is an ancient town known for its rich cultural heritage and historical significance. Often referred to as the \"cradle of Indian temple architecture,\" Aihole is home to a plethora of ancient temples, monuments, and archaeological sites dating back to the Chalukya dynasty and beyond. Let\'s explore the significance and beauty of this remarkable town.\r\n\r\n1. **Chalukyan Temples**: Aihole is renowned for its diverse collection of Chalukyan temples, representing various architectural styles and periods. The temples at Aihole exhibit a transition from rock-cut caves to structural temples, showcasing the evolution of temple architecture in India. Some of the notable temples in Aihole include the Durga Temple, Lad Khan Temple, Huchimalli Temple, and Ravanaphadi Cave Temple, each offering unique insights into the region\'s artistic and architectural heritage.\r\n\r\n2. **Durga Temple**: The Durga Temple, also known as the \"fortress temple,\" is one of the most prominent landmarks in Aihole. Built in the 7th century by the Chalukya dynasty, this temple is dedicated to Goddess Durga and features a unique blend of North Indian, Dravidian, and Nagara architectural styles. The temple\'s intricate carvings, ornate pillars, and elaborately decorated walls are a testament to the Chalukyan artisans\' craftsmanship and artistic prowess.\r\n\r\n3. **Lad Khan Temple**: The Lad Khan Temple is another significant temple in Aihole, believed to be one of the oldest temples in the region. Dating back to the 5th century, this temple is dedicated to Lord Shiva and features a simple yet elegant architectural design. The temple\'s exterior is adorned with intricate carvings of deities, mythical creatures, and floral motifs, while the interior houses a sanctum sanctorum with a lingam, the symbolic representation of Lord Shiva.\r\n\r\n4. **Huchimalli Temple**: The Huchimalli Temple is a lesser-known gem tucked away amidst Aihole\'s archaeological sites. This temple, dedicated to Lord Vishnu, is renowned for its beautiful sculptures and architectural elements, including the intricately carved entranceway and sanctum sanctorum. The temple\'s serene surroundings and tranquil ambiance make it an ideal place for spiritual contemplation and reflection.\r\n\r\n5. **Archaeological Museum**: The Archaeological Museum in Aihole is a treasure trove of artifacts, sculptures, and inscriptions dating back to the Chalukya period. Housed within the Durga Temple complex, the museum showcases a rich collection of relics, including stone sculptures, metal artifacts, coins, and pottery, providing insights into Aihole\'s historical and cultural heritage.\r\n\r\nIn conclusion, Aihole is a testament to India\'s rich architectural and cultural legacy, with its ancient temples, monuments, and archaeological sites offering a glimpse into the region\'s glorious past. As a UNESCO World Heritage Site, Aihole continues to captivate visitors with its architectural splendor, artistic brilliance, and historical significance, preserving its legacy for generations to come. Whether exploring the intricately carved temples or marveling at the ancient artifacts in the museum, a visit to Aihole is a journey back in time to an era of artistic excellence and spiritual devotion.\r\n', '2024-03-22 10:12:01', 'Approve', '0'),
(36, 5, 8, 34, 35, 'Karkala, a picturesque town nestled in the Udupi district of Karnataka, India, is steeped in history and cultural heritage. Renowned for its ancient monuments, temples, and natural beauty, Karkala is a treasure trove of historical landmarks that attract pilgrims, tourists, and history enthusiasts alike. Let\'s explore the significance and beauty of this remarkable town.\r\n\r\n1. **Gomateshwara Statue**: One of the most iconic landmarks in Karkala is the colossal Gomateshwara Statue, also known as the Bahubali Statue. Standing atop a rocky hill called Chandragiri, this monolithic statue of Lord Bahubali, a revered Jain deity, is believed to be one of the tallest free-standing statues in the world. Carved from a single block of granite, the statue stands at an impressive height of 42 feet and is a symbol of peace, renunciation, and spiritual enlightenment.\r\n\r\n2. **Chaturmukha Basadi**: Karkala is home to several ancient Jain temples, with the Chaturmukha Basadi being one of the most prominent among them. Built-in the 16th century by the Jain ruler Veera Pandya Bhairarasa Wodeyar, this temple is dedicated to Lord Parshwanath, the 23rd Jain Tirthankara. The temple\'s unique architectural design features four identical entrances, allowing devotees to access the sanctum sanctorum from all four directions. The interior of the temple is adorned with intricately carved pillars, ceilings, and sculptures, depicting scenes from Jain mythology.\r\n\r\n3. **Ananthapadmanabha Temple**: The Ananthapadmanabha Temple is another significant religious landmark in Karkala, dedicated to Lord Ananthapadmanabha, a form of Lord Vishnu. This ancient temple, believed to have been constructed in the 13th century, is renowned for its exquisite architecture and intricate carvings. The temple\'s sanctum sanctorum houses a magnificent idol of Lord Vishnu in a reclining posture, with a thousand-headed serpent (Anantha) serving as his divine couch.\r\n\r\n4. **St. Lawrence Church**: Karkala is also home to the historic St. Lawrence Church, a prominent Christian pilgrimage site. Built-in the 18th century by Jesuit missionaries, this church is dedicated to St. Lawrence, a revered Christian saint known for his martyrdom. The church\'s architecture showcases a blend of European and Indian styles, with ornate altars, stained glass windows, and intricate woodwork adorning its interiors.\r\n\r\n5. **Karkala Fort**: The Karkala Fort, also known as the Padutirupathi Fort, is a historic fortification that once served as a stronghold of the local rulers. Built-in the 16th century by the Keladi Nayakas, the fort offers panoramic views of the surrounding landscape and is a popular tourist attraction. The fort\'s massive walls, bastions, and watchtowers bear testimony to its strategic importance during medieval times.\r\n\r\nIn conclusion, Karkala is a treasure trove of historical landmarks, religious sites, and architectural marvels that reflect the town\'s rich cultural heritage and spiritual legacy. Whether marveling at the towering Gomateshwara Statue, exploring the ancient Jain temples, or admiring the historic fortifications, a visit to Karkala is a journey back in time to an era of artistic excellence, religious fervor, and architectural brilliance.\r\n', '2024-03-22 10:12:46', 'Approve', '0'),
(37, 5, 9, 35, 36, 'Pattadakal, nestled in the southern Indian state of Karnataka, is a UNESCO World Heritage Site renowned for its stunning temple complex. Situated on the banks of the Malaprabha River, this architectural marvel is a testimony to the rich cultural heritage and artistic prowess of ancient India. Spanning over an area of approximately 2 square kilometers, the site is a harmonious blend of various architectural styles, primarily showcasing Chalukyan and Dravidian influences.\r\n\r\nThe history of Pattadakal dates back to the 7th century AD when it served as the coronation site for the Chalukyan kings. Over the centuries, it emerged as a prominent center for art, religion, and trade. The temples at Pattadakal, numbering around ten major ones along with several smaller shrines, are a testament to the architectural brilliance of the Chalukyan dynasty. Each structure stands as a masterpiece, adorned with intricate carvings, sculptures, and detailed craftsmanship.\r\n\r\nThe most iconic temple at Pattadakal is the Virupaksha Temple, dedicated to Lord Shiva. Built in the Dravidian style, it features a towering superstructure, elaborate carvings depicting scenes from Hindu mythology, and a grandiose entrance adorned with sculpted figures. The Mallikarjuna and Sangameshwara temples are other notable structures, each exuding its unique charm and architectural finesse.\r\n\r\nWhat makes Pattadakal truly exceptional is its architectural diversity. The temples here showcase a blend of architectural styles, reflecting the cultural exchange and influences prevalent during the Chalukyan era. The fusion of North Indian Nagara style with the South Indian Dravidian style is evident in many of the temples, creating a unique architectural synthesis that is unparalleled in its grandeur.\r\n\r\nApart from its architectural significance, Pattadakal holds immense religious importance. The temples were not merely places of worship but also centers of cultural and intellectual exchange. They served as venues for religious ceremonies, cultural performances, and scholarly discourses, attracting pilgrims, artisans, and intellectuals from far and wide.\r\n\r\nDespite the passage of centuries, the temples at Pattadakal have stood the test of time, albeit not without facing the ravages of nature and human intervention. Conservation efforts by archaeological authorities and UNESCO have helped preserve these architectural gems, ensuring that future generations can marvel at their splendor.\r\n\r\nToday, Pattadakal continues to attract tourists, historians, and devotees alike, offering a glimpse into India\'s glorious past and architectural heritage. The site\'s inscription as a UNESCO World Heritage Site underscores its universal value and significance, serving as a reminder of the enduring legacy of ancient Indian civilization.\r\n\r\nIn conclusion, Pattadakal stands as a testament to India\'s rich cultural heritage and architectural brilliance. Its temples, with their intricate carvings and architectural diversity, are a visual delight and a source of inspiration for generations to come. As visitors wander through this ancient site, they are transported back in time, to an era of artistic splendor and cultural flourishing, making Pattadakal a truly timeless wonder.', '2024-03-22 11:12:11', 'Approve', '0'),
(38, 5, 3, 2, 37, 'Mirjan Fort, nestled amidst the lush greenery of the Western Ghats in the Uttara Kannada district of Karnataka, India, stands as a magnificent testament to the region\'s rich historical and architectural heritage. Dating back to the 16th century, this formidable fortress holds within its walls tales of valor, intrigue, and resilience, making it a significant landmark in the annals of Karnataka\'s history.\r\n\r\nConstructed by the Nayakas of Keladi, Mirjan Fort served as a strategic stronghold in the coastal region, guarding the trade routes and ensuring the security of the kingdom. The fort\'s location, surrounded by dense forests and situated near the Arabian Sea, provided a natural defense against invaders while offering a vantage point for monitoring maritime activities.\r\n\r\nThe architecture of Mirjan Fort reflects a blend of indigenous styles with influences from various dynasties that ruled the region. Built using laterite stones, the fort\'s sturdy walls and bastions stand as a testament to the engineering prowess of its builders. The entrance to the fort is adorned with intricate carvings, showcasing the artistic finesse prevalent during the era.\r\n\r\nWithin the fort complex, one can find a plethora of structures including granaries, barracks, temples, and a freshwater tank. The granaries, in particular, are a marvel of ancient engineering, designed to store grains and provisions for the garrison during times of siege. The temples within the fort premises, dedicated to various deities, served as places of worship and solace for the inhabitants.\r\n\r\nOne of the most intriguing aspects of Mirjan Fort is its association with the legendary queen Chennabhairadevi, also known as the Pepper Queen. According to folklore, Queen Chennabhairadevi ruled over the region from Mirjan Fort and was renowned for her shrewdness in trade, particularly in the lucrative pepper trade. Her reign is said to have brought prosperity to the kingdom, making Mirjan a flourishing center of commerce and culture.\r\n\r\nOver the centuries, Mirjan Fort witnessed several battles and changes in rulership, each leaving its mark on the fort\'s history and architecture. Despite facing the ravages of time and neglect, the fort continues to stand as a symbol of resilience, beckoning travelers and history enthusiasts to unravel its mysteries.\r\n\r\nToday, Mirjan Fort has been designated as a protected heritage site by the Archaeological Survey of India (ASI), attracting tourists and history buffs from far and wide. The serene ambiance, coupled with the fort\'s historical significance, makes it a must-visit destination for anyone exploring the cultural tapestry of Karnataka.\r\n\r\nIn conclusion, Mirjan Fort stands as a timeless monument to Karnataka\'s glorious past, embodying the region\'s rich history and architectural legacy. Its imposing walls and storied past serve as a reminder of the valor and ingenuity of those who once called it home, ensuring that the legacy of Mirjan Fort continues to inspire awe and admiration for generations to come.', '2024-03-22 11:30:15', 'Approve', '0'),
(39, 5, 3, 37, 38, 'The Kupgal petroglyphs, nestled in the rocky terrain of Kupgal village in the southern Indian state of Karnataka, stand as silent witnesses to an ancient civilization\'s artistic expression. Carved into the surface of granite boulders, these enigmatic rock art panels offer a window into the lives, beliefs, and culture of prehistoric communities that once inhabited the region. Spanning across a vast expanse, the Kupgal petroglyphs are a treasure trove of historical significance and archaeological intrigue.\r\n\r\nDating back to the Neolithic and Iron Ages, the petroglyphs at Kupgal are estimated to be around 2,000 to 6,000 years old, making them some of the oldest rock art sites in India. The site comprises numerous rock shelters and boulders adorned with intricate carvings, depicting a variety of motifs including human and animal figures, geometric patterns, symbols, and abstract designs.\r\n\r\nThe petroglyphs offer valuable insights into the daily lives, rituals, and beliefs of the ancient inhabitants of the region. The depictions of animals such as cattle, elephants, deer, and horses suggest the importance of hunting, herding, and wildlife in their livelihoods. Additionally, scenes of hunting, dancing, and communal gatherings provide glimpses into social dynamics and cultural practices prevalent during that era.\r\n\r\nOne of the most fascinating aspects of the Kupgal petroglyphs is the presence of enigmatic symbols and motifs whose meanings remain a subject of scholarly debate. These abstract designs, intricately carved into the rock surface, hint at a symbolic language or system of communication that was significant to the ancient people. Archaeologists and historians continue to study these symbols in an effort to unravel their meanings and decode the messages they convey.\r\n\r\nThe preservation of the Kupgal petroglyphs poses a significant challenge due to factors such as weathering, erosion, vandalism, and encroachment. Despite efforts by the archaeological authorities to protect and conserve the site, the delicate nature of the rock art makes it vulnerable to degradation over time. Awareness campaigns, community involvement, and sustainable tourism initiatives are essential for safeguarding these ancient treasures for future generations.\r\n\r\nThe significance of the Kupgal petroglyphs extends beyond their archaeological value; they also hold cultural, educational, and scientific importance. By studying these ancient artworks, researchers gain valuable insights into the evolution of human societies, artistic expressions, and cultural traditions. Moreover, the petroglyphs serve as a link between the past and present, connecting contemporary generations with their ancestral heritage and fostering a sense of pride in their cultural legacy.\r\n\r\nIn conclusion, the Kupgal petroglyphs stand as a testament to the creativity, ingenuity, and cultural richness of ancient civilizations that once flourished in the region. As custodians of this invaluable heritage, it is our collective responsibility to ensure the preservation and appreciation of these ancient artworks for the benefit of present and future generations. By safeguarding the Kupgal petroglyphs, we honor the legacy of the past and celebrate the enduring spirit of human creativity and expression.\r\n\r\n\r\n\r\n\r\n\r\n\r\n', '2024-03-22 11:34:11', 'Approve', '0'),
(40, 5, 10, 39, 39, 'Crop cultivation is a fundamental aspect of agriculture, involving the deliberate cultivation of plants for various purposes such as food, feed, fiber, fuel, and medicinal resources. Here\'s a detailed overview of crop cultivation:\r\n\r\n1. **Crop Selection**: Farmers choose crops based on factors such as climate, soil type, water availability, market demand, and agro-ecological conditions. Common crops include cereals (e.g., wheat, rice, maize), pulses (e.g., lentils, chickpeas), oilseeds (e.g., soybeans, sunflower), fruits, vegetables, and cash crops (e.g., cotton, sugarcane).\r\n\r\n2. **Land Preparation**: Prior to planting, land is prepared through activities such as plowing, harrowing, leveling, and soil amendment. These processes help create an optimal seedbed, improve soil structure, and enhance water and nutrient retention.\r\n\r\n3. **Seed Selection and Sowing**: High-quality seeds are selected based on factors such as genetic traits, disease resistance, and yield potential. Seeds can be sown directly into the soil (direct seeding) or raised as seedlings in nurseries before transplanting (transplanting). Sowing methods vary depending on the crop type, planting season, and local practices.\r\n\r\n4. **Crop Care**: Throughout the growing season, crops require care and management to optimize growth and yield. Key practices include irrigation, fertilization, weed control, pest and disease management, and monitoring for environmental stressors such as drought, floods, and extreme temperatures.\r\n\r\n5. **Crop Rotation and Intercropping**: Crop rotation involves the sequential cultivation of different crops on the same piece of land over time. This practice helps improve soil fertility, reduce pest and disease pressure, and manage weed populations. Intercropping involves growing two or more crops simultaneously in the same field, maximizing land use efficiency and diversifying farm income.\r\n\r\n6. **Harvesting**: Crops are harvested when they reach maturity and are ready for consumption or processing. Harvesting methods vary depending on the crop type and may involve manual labor, machinery, or specialized equipment. Timing is crucial to ensure optimal yield, quality, and post-harvest storage.\r\n\r\n7. **Post-Harvest Handling**: After harvesting, crops undergo post-harvest handling processes such as cleaning, sorting, grading, and packaging to maintain quality and prolong shelf life. Proper storage facilities, temperature control, and handling practices are essential to minimize losses due to spoilage, pests, and physical damage.\r\n\r\n8. **Market Access and Distribution**: Farmers sell their crops through various channels such as local markets, cooperatives, wholesalers, retailers, and export markets. Access to markets, transportation infrastructure, market information, and price transparency influence farmers\' profitability and livelihoods.\r\n\r\n9. **Research and Innovation**: Continuous research and innovation in crop genetics, agronomy, biotechnology, and agricultural technology drive improvements in crop productivity, resilience, and sustainability. New crop varieties, breeding techniques, pest-resistant traits, and precision farming technologies contribute to the advancement of crop cultivation practices.\r\n\r\nCrop cultivation is a dynamic and evolving field, shaped by technological advancements, environmental factors, market dynamics, and socio-economic trends. Sustainable crop cultivation practices are essential to ensure food security, environmental conservation, and the livelihoods of millions of farmers worldwide.', '2024-03-22 12:04:11', 'Approve', '0');

-- --------------------------------------------------------

--
-- Table structure for table `image`
--

CREATE TABLE `image` (
  `img_id` int(11) NOT NULL,
  `user_id` int(11) NOT NULL,
  `img` varchar(255) NOT NULL,
  `status` varchar(255) NOT NULL,
  `timestamp` datetime NOT NULL DEFAULT current_timestamp()
) ENGINE=InnoDB DEFAULT CHARSET=utf8mb4 COLLATE=utf8mb4_general_ci;

--
-- Dumping data for table `image`
--

INSERT INTO `image` (`img_id`, `user_id`, `img`, `status`, `timestamp`) VALUES
(2, 5, 'uploads/1711019520_a314767c63bad48d54e1.webp', 'Approve', '2024-03-22 11:19:25'),
(3, 5, 'uploads/1711020382_bb337739750b6a3ed7a0.jpg', 'Approve', '2024-03-22 11:19:25'),
(4, 5, 'uploads/1711020433_9374965f1635cc9c6a90.jpg', 'Approve', '2024-03-22 11:19:25'),
(5, 5, 'uploads/1711020479_b79f4454d9c2dea5a641.jpg', 'Approve', '2024-03-22 11:19:25'),
(6, 5, 'uploads/1711020554_481d343d96818b10b8a2.jpg', 'Approve', '2024-03-22 11:19:25'),
(7, 5, 'uploads/1711020727_165c6e30d7a7835aa496.webp', 'Approve', '2024-03-22 11:19:25'),
(8, 5, 'uploads/1711020771_5bafdf63fd3a400d377f.jpg', 'Approve', '2024-03-22 11:19:25'),
(9, 5, 'uploads/1711021160_1d3574c96f17a3158e96.avif', 'Approve', '2024-03-22 11:19:25'),
(10, 5, 'uploads/1711021166_dd703e1a3f66c4c77842.jpg', 'Approve', '2024-03-22 11:19:25'),
(11, 5, 'uploads/1711021173_6704345ce4ead675bc82.jpg', 'Approve', '2024-03-22 11:19:25'),
(12, 5, 'uploads/1711021180_f0755bd70d4a7c2ab10b.avif', 'Approve', '2024-03-22 11:19:25'),
(13, 5, 'uploads/1711021521_f159fd1ce625be28015d.jpg', 'Approve', '2024-03-22 11:19:25'),
(14, 5, 'uploads/1711021527_888134190b26613bfd72.jpg', 'Approve', '2024-03-22 11:19:25'),
(15, 5, 'uploads/1711021534_bf4d96ddcc2ebcdd164b.jpg', 'Approve', '2024-03-22 11:19:25'),
(16, 5, 'uploads/1711021540_ec74ee987c488b40c8d6.jpg', 'Approve', '2024-03-22 11:19:25'),
(17, 5, 'uploads/1711021545_b80b182e651b2973f5e8.jpg', 'Approve', '2024-03-22 11:19:25'),
(18, 5, 'uploads/1711021932_ffcd21b6dc2b34888bdc.jpg', 'Approve', '2024-03-22 11:19:25'),
(19, 5, 'uploads/1711021937_068a79b98e28d3d24bb5.webp', 'Approve', '2024-03-22 11:19:25'),
(20, 5, 'uploads/1711021942_0e163970a221b2452f3f.jpg', 'Approve', '2024-03-22 11:19:25'),
(21, 5, 'uploads/1711021948_85c3806206b36d205d7b.jpg', 'Approve', '2024-03-22 11:19:25'),
(22, 5, 'uploads/1711022430_a40553a12c5ff333c191.jpg', 'Approve', '2024-03-22 11:19:25'),
(23, 5, 'uploads/1711022437_3e501aaec405654fcc9c.jpg', 'Approve', '2024-03-22 11:19:25'),
(24, 5, 'uploads/1711022442_cc9e3c31d14a8006071f.webp', 'Approve', '2024-03-22 11:19:25'),
(25, 5, 'uploads/1711022448_a4e4a848730bff29a4bf.jpg', 'Approve', '2024-03-22 11:19:25'),
(26, 5, 'uploads/1711022458_ea00dd98271f2d78bcad.jpg', 'Approve', '2024-03-22 11:19:25'),
(27, 5, 'uploads/1711022462_5971b01c80d598661dd3.jpg', 'Approve', '2024-03-22 11:19:25'),
(28, 5, 'uploads/1711022471_ef2e0e4a72c2394f9f88.jpg', 'Approve', '2024-03-22 11:19:25'),
(29, 5, 'uploads/1711082272_d73211e1d938b07a7493.jpg', 'Approve', '2024-03-22 11:19:25'),
(30, 5, 'uploads/1711082292_fab4bb8a36067232be6d.jpg', 'Approve', '2024-03-22 11:19:25'),
(31, 5, 'uploads/1711082298_619f227a1b15aab6f792.jpg', 'Approve', '2024-03-22 11:19:25'),
(32, 5, 'uploads/1711082304_93d03b95d6e7f3288cc5.webp', 'Approve', '2024-03-22 11:19:25'),
(33, 5, 'uploads/1711082316_2e0c253411f44bb01b6d.webp', 'Approve', '2024-03-22 11:19:25'),
(34, 5, 'uploads/1711082331_04db1008d3fb19f71283.jpg', 'Approve', '2024-03-22 11:19:25'),
(35, 5, 'uploads/1711082336_ae818ba6f48120ec6f0c.jpg', 'Approve', '2024-03-22 11:19:25'),
(36, 5, 'uploads/1711086041_977917363561de5d2620.jpg', 'Approve', '2024-03-22 11:19:25'),
(37, 5, 'uploads/1711087150_34fb47efb0bfa8deb5eb.jpg', 'Approve', '2024-03-22 11:29:10'),
(38, 5, 'uploads/1711087388_552fa1a3b35809c66f7a.jpg', 'Approve', '2024-03-22 11:33:08'),
(39, 5, 'uploads/1711089197_082ce3e5648368569897.avif', 'Approve', '2024-03-22 12:03:17');

-- --------------------------------------------------------

--
-- Table structure for table `sub_topic`
--

CREATE TABLE `sub_topic` (
  `s_id` int(11) NOT NULL,
  `t_id` int(11) NOT NULL,
  `user_id` int(11) NOT NULL,
  `sub_topic_name` varchar(255) NOT NULL,
  `timestamp` datetime NOT NULL DEFAULT current_timestamp(),
  `status` varchar(100) NOT NULL
) ENGINE=InnoDB DEFAULT CHARSET=utf8mb4 COLLATE=utf8mb4_general_ci;

--
-- Dumping data for table `sub_topic`
--

INSERT INTO `sub_topic` (`s_id`, `t_id`, `user_id`, `sub_topic_name`, `timestamp`, `status`) VALUES
(2, 3, 5, ' Information Technology', '2024-03-21 16:40:05', 'Approve'),
(3, 3, 5, 'Communication Technology', '2024-03-21 16:43:17', 'Approve'),
(4, 3, 5, 'Communication Technology', '2024-03-21 16:46:23', 'Approve'),
(5, 3, 5, 'Biotechnology', '2024-03-21 16:46:37', 'Approve'),
(6, 3, 5, 'Manufacturing Technology', '2024-03-21 16:46:48', 'Approve'),
(7, 3, 5, ' Aerospace Technology', '2024-03-21 16:46:59', 'Approve'),
(8, 3, 5, 'Artificial Intelligence', '2024-03-21 16:47:09', 'Approve'),
(9, 3, 5, 'Healthcare Technology', '2024-03-21 16:47:27', 'Approve'),
(10, 4, 5, 'Cricket', '2024-03-21 16:47:47', 'Approve'),
(11, 4, 5, 'Kabbadi', '2024-03-21 16:48:19', 'Approve'),
(12, 4, 5, 'Volleyball', '2024-03-21 16:48:32', 'Approve'),
(13, 4, 5, 'Badminton', '2024-03-21 16:48:45', 'Approve'),
(14, 5, 5, 'Bus', '2024-03-21 16:49:05', 'Approve'),
(15, 5, 5, 'Car', '2024-03-21 16:49:17', 'Approve'),
(16, 5, 5, 'Bike', '2024-03-21 16:49:42', 'Approve'),
(17, 5, 5, 'Airline', '2024-03-21 16:49:57', 'Approve'),
(18, 5, 5, 'Ship', '2024-03-21 16:50:10', 'Approve'),
(19, 6, 5, 'Men Fashion', '2024-03-21 16:50:37', 'Approve'),
(20, 6, 5, 'Female Fashion', '2024-03-21 16:50:53', 'Approve'),
(21, 6, 5, ' Children Fashion', '2024-03-21 16:51:10', 'Approve'),
(22, 6, 5, 'Gays Fashion', '2024-03-21 16:51:33', 'Approve'),
(23, 7, 5, 'Electrocardiogram', '2024-03-21 16:51:45', 'Approve'),
(24, 7, 5, 'Electroencephalogram', '2024-03-21 16:51:56', 'Approve'),
(25, 7, 5, 'Endoscopy', '2024-03-21 16:52:11', 'Approve'),
(26, 7, 5, 'CT Scan', '2024-03-21 16:52:24', 'Approve'),
(27, 7, 5, 'Ultrasound', '2024-03-21 16:52:38', 'Approve'),
(28, 7, 5, 'Blood Tests', '2024-03-21 16:52:52', 'Approve'),
(29, 8, 5, 'Bijapur', '2024-03-21 16:53:05', 'Approve'),
(30, 8, 5, 'Shimoga', '2024-03-21 16:53:17', 'Approve'),
(31, 8, 5, 'Temples of Srirangapatna', '2024-03-21 16:53:30', 'Approve'),
(32, 8, 5, 'Halebid', '2024-03-21 16:53:41', 'Approve'),
(33, 8, 5, 'Aihole', '2024-03-21 16:53:52', 'Approve'),
(34, 8, 5, 'Karkala', '2024-03-21 16:54:03', 'Approve'),
(35, 9, 5, 'Pattadakal', '2024-03-22 11:10:07', 'Approve'),
(36, 9, 5, 'Mirjan Fort', '2024-03-22 11:28:26', 'Approve'),
(37, 3, 5, 'Kupgal petroglyphs', '2024-03-22 11:30:43', 'Approve'),
(38, 9, 5, 'Kupgal petroglyphs', '2024-03-22 11:30:50', 'Approve'),
(39, 10, 5, 'Crop Cultivation', '2024-03-22 12:01:13', 'Approve'),
(40, 11, 5, 'Food Safety and Hygiene', '2024-03-22 14:09:15', 'Approve'),
(41, 11, 5, 'Dietary Preferences and Restrictions', '2024-03-22 14:09:33', 'Approve'),
(42, 11, 5, 'Nutrition', '2024-03-22 14:09:53', 'Approve'),
(43, 11, 5, 'Cuisine and Cultural Foods', '2024-03-22 14:10:19', 'Approve'),
(44, 12, 5, 'Oil painting', '2024-03-22 14:10:43', 'Approve'),
(45, 12, 5, 'Famous Painters and their Works', '2024-03-22 14:11:11', 'Approve'),
(46, 12, 5, 'Watercolor painting', '2024-03-22 14:11:26', 'Approve'),
(47, 13, 5, 'Astronomy', '2024-03-22 14:12:04', 'Approve'),
(48, 13, 5, 'Astrophysics', '2024-03-22 14:12:18', 'Approve'),
(49, 13, 5, 'Space Exploration', '2024-03-22 14:12:28', 'Approve'),
(50, 13, 5, 'Space Technology', '2024-03-22 14:12:41', 'Approve'),
(51, 11, 1, 'Nutrition', '2024-03-22 14:16:48', 'Approve'),
(52, 11, 5, 'Food Safety and Hygiene', '2024-03-22 14:19:41', 'Approve'),
(53, 11, 5, 'Cuisine and Cultural Foods', '2024-03-22 14:20:24', 'Approve'),
(54, 11, 5, 'Dietary Preferences and Restrictions', '2024-03-22 14:20:45', 'Approve'),
(55, 11, 5, 'Dietary Preferences and Restrictions', '2024-03-22 14:22:05', 'Approve'),
(56, 11, 1, 'Nutrition', '2024-03-22 14:26:57', 'Approve'),
(57, 11, 1, 'Nutrition', '2024-03-22 14:28:14', 'pending');

-- --------------------------------------------------------

--
-- Table structure for table `topic`
--

CREATE TABLE `topic` (
  `t_id` int(11) NOT NULL,
  `user_id` int(11) NOT NULL,
  `topic_name` varchar(255) NOT NULL,
  `timestamp` datetime NOT NULL DEFAULT current_timestamp(),
  `status` varchar(100) NOT NULL
) ENGINE=InnoDB DEFAULT CHARSET=utf8mb4 COLLATE=utf8mb4_general_ci;

--
-- Dumping data for table `topic`
--

INSERT INTO `topic` (`t_id`, `user_id`, `topic_name`, `timestamp`, `status`) VALUES
(3, 5, 'Technology', '2024-03-21 16:39:38', 'Approve'),
(4, 5, ' Sports', '2024-03-21 16:43:59', 'Approve'),
(5, 5, 'Transport', '2024-03-21 16:44:14', 'Approve'),
(6, 5, 'Fashion', '2024-03-21 16:44:46', 'Approve'),
(7, 5, 'Healthcare diagnostic', '2024-03-21 16:45:05', 'Approve'),
(8, 5, 'Historical place in karnataka', '2024-03-21 16:45:23', 'Approve'),
(9, 5, 'Archaeological', '2024-03-22 11:08:42', 'Approve'),
(10, 5, 'Agriculture', '2024-03-22 11:58:57', 'Approve'),
(11, 1, 'Food', '2024-03-22 14:00:22', 'Approve'),
(12, 1, 'Painting', '2024-03-22 14:04:33', 'Approve'),
(13, 5, 'Space', '2024-03-22 14:06:27', 'Approve');

-- --------------------------------------------------------

--
-- Table structure for table `trending`
--

CREATE TABLE `trending` (
  `trend_id` int(11) NOT NULL,
  `user_id` int(11) NOT NULL,
  `t_id` int(11) NOT NULL,
  `s_id` int(11) NOT NULL,
  `c_id` int(11) NOT NULL,
  `img_id` int(11) NOT NULL,
  `count` int(11) NOT NULL,
  `time_stamp` datetime NOT NULL DEFAULT current_timestamp()
) ENGINE=InnoDB DEFAULT CHARSET=utf8mb4 COLLATE=utf8mb4_general_ci;

-- --------------------------------------------------------

--
-- Table structure for table `user_login`
--

CREATE TABLE `user_login` (
  `user_id` int(11) NOT NULL,
  `user_name` varchar(255) NOT NULL,
  `email` varchar(255) NOT NULL,
  `password` varchar(255) NOT NULL,
  `user_type` varchar(255) NOT NULL,
  `age` int(11) NOT NULL,
  `gender` varchar(20) NOT NULL,
  `time_stamp` datetime NOT NULL DEFAULT current_timestamp(),
  `profile` varchar(255) NOT NULL
) ENGINE=InnoDB DEFAULT CHARSET=utf8mb4 COLLATE=utf8mb4_general_ci;

--
-- Dumping data for table `user_login`
--

INSERT INTO `user_login` (`user_id`, `user_name`, `email`, `password`, `user_type`, `age`, `gender`, `time_stamp`, `profile`) VALUES
(1, 'Pavan Chandan', 'pavanchandan666@gmail.com', 'pavan123', 'user', 22, 'male', '2024-02-28 15:44:36', ''),
(3, 'Nitish Poojary', 'nitishpoojary123@gmail.com', 'nitish123', 'user', 23, 'male', '2024-02-28 15:46:14', ''),
(5, 'prathamesh', 'prathamesh123@gmail.com', 'prathamesh123', 'admin', 22, 'male', '2024-02-28 15:49:08', 'uploads/1710840615_60cf69a398f0ec25c3bb.jpeg'),
(6, 'suhas', 'suhas123@gmail.com', 'suhas123', 'user', 23, 'male', '2024-02-28 15:49:08', ''),
(7, 'gowraw', 'gowraw123@gmail.com', 'gowraw123', 'user', 23, 'male', '2024-02-28 15:50:16', '');

--
-- Indexes for dumped tables
--

--
-- Indexes for table `black_list`
--
ALTER TABLE `black_list`
  ADD PRIMARY KEY (`b_id`);

--
-- Indexes for table `content`
--
ALTER TABLE `content`
  ADD PRIMARY KEY (`c_id`);

--
-- Indexes for table `image`
--
ALTER TABLE `image`
  ADD PRIMARY KEY (`img_id`);

--
-- Indexes for table `sub_topic`
--
ALTER TABLE `sub_topic`
  ADD PRIMARY KEY (`s_id`);

--
-- Indexes for table `topic`
--
ALTER TABLE `topic`
  ADD PRIMARY KEY (`t_id`),
  ADD KEY `user_id_fk` (`user_id`);

--
-- Indexes for table `trending`
--
ALTER TABLE `trending`
  ADD PRIMARY KEY (`trend_id`);

--
-- Indexes for table `user_login`
--
ALTER TABLE `user_login`
  ADD PRIMARY KEY (`user_id`);

--
-- AUTO_INCREMENT for dumped tables
--

--
-- AUTO_INCREMENT for table `black_list`
--
ALTER TABLE `black_list`
  MODIFY `b_id` int(11) NOT NULL AUTO_INCREMENT;

--
-- AUTO_INCREMENT for table `content`
--
ALTER TABLE `content`
  MODIFY `c_id` int(11) NOT NULL AUTO_INCREMENT, AUTO_INCREMENT=41;

--
-- AUTO_INCREMENT for table `image`
--
ALTER TABLE `image`
  MODIFY `img_id` int(11) NOT NULL AUTO_INCREMENT, AUTO_INCREMENT=40;

--
-- AUTO_INCREMENT for table `sub_topic`
--
ALTER TABLE `sub_topic`
  MODIFY `s_id` int(11) NOT NULL AUTO_INCREMENT, AUTO_INCREMENT=58;

--
-- AUTO_INCREMENT for table `topic`
--
ALTER TABLE `topic`
  MODIFY `t_id` int(11) NOT NULL AUTO_INCREMENT, AUTO_INCREMENT=14;

--
-- AUTO_INCREMENT for table `trending`
--
ALTER TABLE `trending`
  MODIFY `trend_id` int(11) NOT NULL AUTO_INCREMENT;

--
-- AUTO_INCREMENT for table `user_login`
--
ALTER TABLE `user_login`
  MODIFY `user_id` int(11) NOT NULL AUTO_INCREMENT, AUTO_INCREMENT=8;

--
-- Constraints for dumped tables
--

--
-- Constraints for table `content`
--
ALTER TABLE `content`
  ADD CONSTRAINT `content_ibfk_2` FOREIGN KEY (`t_id`) REFERENCES `topic` (`t_id`) ON DELETE NO ACTION ON UPDATE CASCADE,
  ADD CONSTRAINT `content_ibfk_3` FOREIGN KEY (`img_id`) REFERENCES `image` (`img_id`) ON DELETE NO ACTION ON UPDATE NO ACTION,
  ADD CONSTRAINT `content_ibfk_4` FOREIGN KEY (`s_id`) REFERENCES `sub_topic` (`s_id`) ON DELETE NO ACTION ON UPDATE CASCADE;

--
-- Constraints for table `image`
--
ALTER TABLE `image`
  ADD CONSTRAINT `image_ibfk_1` FOREIGN KEY (`user_id`) REFERENCES `user_login` (`user_id`) ON DELETE NO ACTION ON UPDATE NO ACTION;

--
-- Constraints for table `sub_topic`
--
ALTER TABLE `sub_topic`
  ADD CONSTRAINT `sub_topic_ibfk_2` FOREIGN KEY (`t_id`) REFERENCES `topic` (`t_id`) ON DELETE NO ACTION ON UPDATE CASCADE;

--
-- Constraints for table `topic`
--
ALTER TABLE `topic`
  ADD CONSTRAINT `user_id_fk` FOREIGN KEY (`user_id`) REFERENCES `user_login` (`user_id`) ON DELETE NO ACTION ON UPDATE NO ACTION;

--
-- Constraints for table `trending`
--
ALTER TABLE `trending`
  ADD CONSTRAINT `trending_ibfk_2` FOREIGN KEY (`t_id`) REFERENCES `topic` (`t_id`) ON DELETE NO ACTION ON UPDATE CASCADE,
  ADD CONSTRAINT `trending_ibfk_3` FOREIGN KEY (`img_id`) REFERENCES `image` (`img_id`) ON DELETE NO ACTION ON UPDATE NO ACTION,
  ADD CONSTRAINT `trending_ibfk_4` FOREIGN KEY (`c_id`) REFERENCES `content` (`c_id`) ON DELETE CASCADE ON UPDATE CASCADE,
  ADD CONSTRAINT `trending_ibfk_5` FOREIGN KEY (`s_id`) REFERENCES `sub_topic` (`s_id`) ON DELETE NO ACTION ON UPDATE CASCADE;
COMMIT;

/*!40101 SET CHARACTER_SET_CLIENT=@OLD_CHARACTER_SET_CLIENT */;
/*!40101 SET CHARACTER_SET_RESULTS=@OLD_CHARACTER_SET_RESULTS */;
/*!40101 SET COLLATION_CONNECTION=@OLD_COLLATION_CONNECTION */;
